Device_ID,On_time,Off_time,Operating_time,Minute
0,0.37242660400771915,0.0,0.0,391
0,0.3998097907390477,0.0,0.0,402
0,0.42974406496559364,0.0,0.0,411
0,0.7581778887500662,0.0,0.0,415
0,0.3953365342986251,0.0,0.0,420
0,0.9060862917452486,0.0,0.0,427
0,0.770334566804132,0.0,0.0,428
0,0.24829756833623157,0.0,0.0,431
0,0.7906130321829549,0.0,0.0,432
0,0.5287233356100283,0.0,0.0,435
0,0.49214405176966153,0.0,0.0,440
0,0.5169041496097313,0.0,0.0,445
0,0.47579435264846,0.0,0.0,446
0,0.4729519629169678,0.0,0.0,448
0,0.506622776406122,0.0,0.0,449
0,0.4569565616465527,0.0,0.0,450
0,0.36477047717443994,0.0,0.0,451
0,0.21804646457938098,0.0,0.0,452
0,0.4804100202970602,0.0,0.0,453
0,0.3332265184577878,0.0,0.0,455
0,0.5313660064304784,0.0,0.0,456
0,0.42218812171980286,0.0,0.0,457
0,0.6173792497128999,0.0,0.0,458
0,0.7381077116153867,0.0,0.0,461
0,0.49967190334062267,0.0,0.0,463
0,0.6986044497226438,0.0,0.0,464
0,0.4974649868635382,0.0,0.0,466
0,0.5433617682690246,0.0,0.0,467
0,0.19003989895194545,0.0,0.0,468
0,0.24542292612846855,0.0,0.0,469
0,1.3427082810936533,0.0,0.0,473
0,0.3985784690502417,0.0,0.0,477
0,0.433338165230761,0.0,0.0,478
0,0.20125049242140797,0.0,0.0,480
0,0.38498207696021564,0.0,0.0,481
0,1.00909880457484,0.0,0.0,482
0,0.5134674141976374,0.0,0.0,484
0,0.914235784452543,0.0,0.0,485
0,1.0477529336951326,0.0,0.0,488
0,0.6024244885380354,0.0,0.0,490
0,0.5271975018229613,0.0,0.0,491
0,1.0,0.0,0.0,494
0,0.4772196445945481,0.0,0.0,497
0,1.0881785913221464,0.0,0.0,498
0,1.0524547116799594,0.0,0.0,499
0,0.5507714779931143,0.0,0.0,501
0,0.6533167975488732,0.0,0.0,503
0,0.8348022463774923,0.0,0.0,505
0,0.33914961660098814,0.0,0.0,507
0,0.7092460132588032,0.0,0.0,508
0,0.17584648094236927,0.0,0.0,510
0,0.8045691214549673,0.0,0.0,511
0,0.5175457637023724,0.0,0.0,512
0,0.3298817027662932,0.0,0.0,515
0,0.5739922725174875,0.0,0.0,516
0,0.45446012520272633,0.0,0.0,519
0,0.49424199842389643,0.0,0.0,520
0,1.3543501320253486,0.0,0.0,526
0,0.49087373365136094,0.0,0.0,527
0,0.344483377425943,0.0,0.0,528
0,0.17611383513417334,0.0,0.0,531
0,0.4799696862167499,0.0,0.0,532
0,0.44373311011402566,0.0,0.0,536
0,0.0,0.0,0.11221513133098115,541
0,0.4437465696663431,0.0,0.0,548
0,0.0,0.0,0.14468503248499331,552
0,0.4403969255637092,0.0,0.0,556
0,0.23037790854191048,0.0,0.0,558
0,0.0,0.0,0.17611383513417334,582
0,0.11221513133098115,0.0,0.0,583
0,0.14468503248499331,0.0,0.0,594
0,0.0,0.0,0.23037790854191048,597
0,0.0,0.0,0.17584648094236927,601
0,0.0,0.0,0.20533485620198882,605
0,0.0,0.0,0.20125049242140797,606
0,0.0,0.0,0.2815949499657285,616
0,0.0,0.0,0.21804646457938098,619
0,0.0,0.0,0.24542292612846855,620
0,0.0,0.0,0.33914961660098814,638
0,0.0,0.0,0.19003989895194545,644
0,0.0,0.0,0.24829756833623157,657
0,0.0,0.0,0.3332265184577878,664
0,0.0,0.0,0.38498207696021564,666
0,0.0,0.0,0.20838155290037802,668
0,0.0,0.0,0.42765106329307473,670
0,0.0,0.0,0.3985784690502417,674
0,0.0,0.0,0.413650039228693,684
0,0.0,0.0,0.3936163160897416,688
0,0.0,0.0,0.344483377425943,689
0,0.0,0.0,0.4663101324856684,690
0,0.0,0.0,0.38805751634427404,694
0,0.0,0.0,0.4403969255637092,695
0,0.0,0.0,0.5205790376086246,697
0,0.0,0.0,0.44373311011402566,698
0,0.0,0.0,0.44487697841878443,699
0,0.0,0.0,0.49424199842389643,700
0,0.0,0.0,0.4678018043367372,703
0,0.0,0.0,0.4772196445945481,710
0,0.0,0.0,0.49326959352065497,715
0,0.0,0.0,0.8045691214549673,722
0,0.0,0.0,0.5193830019117514,723
0,0.0,0.0,0.5134674141976374,724
0,0.0,0.0,0.4437465696663431,729
0,0.0,0.0,0.823325279181902,731
0,0.0,0.0,0.5318756740713348,733
0,0.0,0.0,0.9708434198681108,734
0,0.0,0.0,0.5271975018229613,737
0,0.0,0.0,0.9800819236376829,740
0,0.0,0.0,0.4974649868635382,745
0,0.0,0.0,1.0970702790335665,746
0,0.0,0.0,0.5297261587150086,747
0,0.0,0.0,0.5169041496097313,749
0,0.0,0.0,0.8348022463774923,753
0,0.0,0.0,1.7727804575881252,754
0,0.0,0.0,0.9157883722767437,758
0,0.0,0.0,0.47579435264846,765
0,0.0,0.0,0.6533167975488732,768
0,0.0,0.0,0.5287233356100283,771
0,0.0,0.0,0.5418797902816943,772
0,0.0,0.0,0.5739922725174875,773
0,0.0,0.0,1.0,774
0,0.0,0.0,1.4295935793293024,775
0,0.0,0.0,0.6024244885380354,777
0,0.0,0.0,0.7906130321829549,779
0,0.0,0.0,0.9710410652036965,782
0,0.0,0.0,0.5010830837986884,785
0,0.0,0.0,0.5313660064304784,787
0,0.0,0.0,0.45446012520272633,789
0,0.0,0.0,0.5175457637023724,795
0,0.0,0.0,0.5814428012094641,798
0,0.0,0.0,0.8779551708635279,809
0,0.0,0.0,0.3998097907390477,812
0,0.0,0.0,0.4569565616465527,817
0,0.0,0.0,0.433338165230761,822
0,0.0,0.0,0.42218812171980286,830
0,0.0,0.0,0.3953365342986251,834
0,0.0,0.0,0.3298817027662932,835
0,0.0,0.0,0.36477047717443994,844
0,0.0,0.0,0.34690662929869415,850
0,0.0,0.0,0.2237629336231583,902
0,0.0,0.20533485620198882,0.0,1069
0,0.0,0.21804646457938098,0.0,1071
0,0.0,0.20125049242140797,0.0,1086
0,0.0,0.24829756833623157,0.0,1088
0,0.0,0.24542292612846855,0.0,1089
0,0.0,0.17584648094236927,0.0,1111
0,0.0,0.19003989895194545,0.0,1112
0,0.0,0.17611383513417334,0.0,1113
0,0.0,0.3332265184577878,0.0,1119
0,0.0,0.39381008129670964,0.0,1124
0,0.0,0.20838155290037802,0.0,1129
0,0.0,0.33914961660098814,0.0,1145
0,0.0,0.538301348574735,0.0,1146
0,0.0,0.38498207696021564,0.0,1147
0,0.0,0.37242660400771915,0.0,1149
0,0.0,0.3985784690502417,0.0,1151
0,0.0,0.23037790854191048,0.0,1155
0,0.0,0.8939611957787431,0.0,1178
0,0.0,0.881327109864929,0.0,1179
0,0.0,0.770334566804132,0.0,1182
0,0.0,0.4678018043367372,0.0,1185
0,0.0,0.41127125945137205,0.0,1190
0,0.0,0.9101540852626538,0.0,1193
0,0.0,0.5169041496097313,0.0,1194
0,0.0,1.039962039520376,0.0,1196
0,0.0,1.0062946797467447,0.0,1203
0,0.0,0.823325279181902,0.0,1204
0,0.0,0.5287233356100283,0.0,1206
0,0.0,0.4772196445945481,0.0,1207
0,0.0,1.043193572912646,0.0,1208
0,0.0,0.413650039228693,0.0,1210
0,0.0,1.7638723716949531,0.0,1211
0,0.0,0.5010830837986884,0.0,1212
0,0.0,0.3998097907390477,0.0,1214
0,0.0,0.49214405176966153,0.0,1215
0,0.0,0.344483377425943,0.0,1217
0,0.0,0.49424199842389643,0.0,1220
0,0.0,0.9882387466878091,0.0,1225
0,0.0,0.5271975018229613,0.0,1228
0,0.0,0.5318756740713348,0.0,1232
0,0.0,0.8045691214549673,0.0,1233
0,0.0,0.44373311011402566,0.0,1234
0,0.0,0.40500320794656014,0.0,1236
0,0.0,0.5313660064304784,0.0,1243
0,0.0,0.5462988010404521,0.0,1244
0,0.0,0.5507714779931143,0.0,1247
0,0.0,0.4403969255637092,0.0,1251
0,0.0,0.3953365342986251,0.0,1254
0,0.0,0.4729519629169678,0.0,1257
0,0.0,0.8348022463774923,0.0,1258
0,0.0,0.526178268108269,0.0,1260
0,0.0,0.49087373365136094,0.0,1261
0,0.0,0.5412970002381028,0.0,1264
0,0.0,0.34690662929869415,0.0,1265
0,0.0,0.4799696862167499,0.0,1266
0,0.0,1.0593810501845882,0.0,1267
0,0.0,1.0,0.0,1268
0,0.0,0.5418797902816943,0.0,1270
0,0.0,0.6533167975488732,0.0,1271
0,0.0,0.4437465696663431,0.0,1277
0,0.0,0.49582311437787113,0.0,1280
0,0.0,0.5814428012094641,0.0,1286
0,0.0,0.42218812171980286,0.0,1287
0,0.0,0.5739922725174875,0.0,1289
0,0.0,0.36477047717443994,0.0,1295
0,0.0,0.433338165230761,0.0,1300
0,0.0,0.5175457637023724,0.0,1307
0,0.0,0.45446012520272633,0.0,1308
0,0.0,0.3298817027662932,0.0,1350
0,0.0,0.2237629336231583,0.0,1360
1,0.2469654714256186,0.0,0.0,217
1,0.22043253852023065,0.0,0.0,223
1,0.38398801975893077,0.0,0.0,268
1,0.3746998562526915,0.0,0.0,273
1,0.3402418756114404,0.0,0.0,281
1,0.3263828473245886,0.0,0.0,286
1,0.3608779584568879,0.0,0.0,298
1,0.44239456100254354,0.0,0.0,310
1,0.30202590292140735,0.0,0.0,312
1,0.3719623774918947,0.0,0.0,313
1,0.8092961848782336,0.0,0.0,314
1,0.2765737638508769,0.0,0.0,317
1,0.1668109040291677,0.0,0.0,319
1,0.4217566282294472,0.0,0.0,322
1,0.24557838500620083,0.0,0.0,324
1,0.5757763417814996,0.0,0.0,325
1,0.6883619784060032,0.0,0.0,328
1,0.30999627807466396,0.0,0.0,330
1,0.4112051331487318,0.0,0.0,332
1,0.8353940044790327,0.0,0.0,334
1,0.19891325969306506,0.0,0.0,336
1,0.3488726359944169,0.0,0.0,338
1,0.7268127074534837,0.0,0.0,339
1,0.4655494911106361,0.0,0.0,340
1,0.34103143889027904,0.0,0.0,341
1,0.1517420436176654,0.0,0.0,344
1,0.4518988765180543,0.0,0.0,346
1,0.453430998004347,0.0,0.0,347
1,0.7125900877968027,0.0,0.0,350
1,0.8837383240809322,0.0,0.0,351
1,0.49952086354159636,0.0,0.0,354
1,0.69379782050284,0.0,0.0,359
1,0.26906500783457815,0.0,0.0,361
1,0.4480784119045868,0.0,0.0,363
1,0.4522848863421329,0.0,0.0,367
1,0.4759709150715679,0.0,0.0,370
1,0.4477366987613602,0.0,0.0,371
1,0.7932315156261069,0.0,0.0,373
1,0.3158321473565468,0.0,0.0,375
1,0.5008894043600316,0.0,0.0,377
1,0.15868557789059784,0.0,0.0,378
1,0.49316686097892787,0.0,0.0,379
1,0.767418541778406,0.0,0.0,380
1,1.0,0.0,0.0,381
1,0.09859510633273416,0.0,0.0,382
1,0.4650693733279589,0.0,0.0,386
1,0.3315409415754091,0.0,0.0,390
1,0.44432321899668886,0.0,0.0,393
1,0.21966486239222577,0.0,0.0,394
1,0.41834573231944666,0.0,0.0,395
1,0.43909170397110237,0.0,0.0,396
1,0.47135731436666267,0.0,0.0,397
1,0.47861894579685166,0.0,0.0,408
1,0.3840560782724471,0.0,0.0,409
1,0.455687837486147,0.0,0.0,410
1,0.5621146158586123,0.0,0.0,411
1,0.39982508193964467,0.0,0.0,414
1,0.30027386656664595,0.0,0.0,418
1,0.12080881744025407,0.0,0.0,419
1,0.0,0.0,0.12080881744025407,425
1,0.6579197608935544,0.0,0.0,427
1,0.38486623504965717,0.0,0.0,429
1,0.0,0.0,0.11964794787317845,448
1,0.45290000238355577,0.0,0.0,451
1,0.2676914646506982,0.0,0.0,452
1,0.4039458687845581,0.0,0.0,453
1,0.6055139823337036,0.0,0.0,460
1,0.2659199924590118,0.0,0.0,470
1,0.6544891047492734,0.0,0.0,473
1,0.0,0.0,0.2542007341713722,529
1,0.0,0.0,0.4039458687845581,535
1,0.21241684768128793,0.0,0.0,536
1,0.0,0.0,0.6714104913728804,540
1,0.0,0.0,0.2659199924590118,558
1,0.0,0.0,0.3158321473565468,567
1,0.0,0.0,0.38745912803244326,589
1,0.0,0.0,0.34103143889027904,590
1,0.0,0.0,0.39982508193964467,591
1,0.0,0.0,0.455687837486147,592
1,0.0,0.0,0.3311044017209919,593
1,0.0,0.0,0.21241684768128793,594
1,0.0,0.0,1.0,608
1,0.0,0.0,0.44432321899668886,616
1,0.0,0.0,0.4522848863421329,619
1,0.0,0.0,0.32338470302828143,620
1,0.0,0.0,0.41725315395658175,621
1,0.0,0.0,0.47861894579685166,623
1,0.0,0.0,0.6883619784060032,624
1,0.0,0.0,0.4480784119045868,626
1,0.0,0.0,0.9128060720893191,629
1,0.0,0.0,0.4664851701243505,630
1,0.0,0.0,0.4424666679854338,633
1,0.0,0.0,0.4518988765180543,643
1,0.0,0.0,0.8312103028034634,650
1,0.0,0.0,0.47135731436666267,656
1,0.0,0.0,0.33006240292597216,663
1,0.0,0.0,0.8873061193400833,667
1,0.0,0.0,0.9319051779104519,671
1,0.0,0.0,0.453430998004347,683
1,0.0,0.0,0.45380847685524756,686
1,0.0,0.0,0.9768603194315995,690
1,0.0,0.0,0.49316686097892787,697
1,0.0,0.0,0.2461029351342014,698
1,0.0,0.0,0.22043253852023065,700
1,0.0,0.0,0.3746998562526915,701
1,0.0,0.0,0.43909170397110237,702
1,0.0,0.0,0.41834573231944666,707
1,0.0,0.0,0.514556139859973,712
1,0.0,0.0,0.34463329674530124,716
1,0.0,0.0,0.30027386656664595,718
1,0.0,0.0,0.7749724429493278,720
1,0.0,0.0,0.44239456100254354,722
1,0.0,0.0,0.3608779584568879,723
1,0.0,0.0,0.38398801975893077,725
1,0.0,0.0,0.24557838500620083,726
1,0.0,0.0,0.7268127074534837,729
1,0.0,0.0,0.69379782050284,734
1,0.0,0.0,0.3840560782724471,738
1,0.0,0.0,0.43772116158643687,741
1,0.0,0.0,0.4112051331487318,746
1,0.0,0.0,0.18499880318543133,750
1,0.0,0.0,0.3799594137459627,765
1,0.0,0.0,0.4832829851930745,776
1,0.0,0.0,0.5160304792601967,791
1,0.0,0.0,0.3719623774918947,793
1,0.0,0.0,0.3488726359944169,795
1,0.0,0.0,0.21966486239222577,800
1,0.0,0.0,0.28840406014723224,808
1,0.0,0.0,0.30999627807466396,813
1,0.0,0.0,0.5768948291317731,817
1,0.0,0.0,0.3208378646190598,818
1,0.0,0.0,0.2765737638508769,824
1,0.0,0.0,0.4016319498737532,830
1,0.0,0.12080881744025407,0.0,844
1,0.0,0.0,0.15868557789059784,850
1,0.0,0.11964794787317845,0.0,859
1,0.0,0.0,0.19891325969306506,867
1,0.0,0.0,0.1668109040291677,885
1,0.0,0.0,0.09859510633273416,893
1,0.0,0.22043253852023065,0.0,923
1,0.0,0.34103143889027904,0.0,931
1,0.0,0.3263828473245886,0.0,936
1,0.0,0.3158321473565468,0.0,942
1,0.0,1.0286038540174436,0.0,952
1,0.0,0.2542007341713722,0.0,956
1,0.0,0.40371902672218224,0.0,967
1,0.0,0.38745912803244326,0.0,969
1,0.0,0.41725315395658175,0.0,972
1,0.0,0.3746998562526915,0.0,974
1,0.0,0.4664851701243505,0.0,981
1,0.0,0.4522848863421329,0.0,986
1,0.0,0.4039458687845581,0.0,988
1,0.0,2.3217339166520885,0.0,989
1,0.0,0.2676914646506982,0.0,992
1,0.0,0.38398801975893077,0.0,993
1,0.0,0.4477366987613602,0.0,1000
1,0.0,0.455687837486147,0.0,1002
1,0.0,0.39982508193964467,0.0,1005
1,0.0,0.4655494911106361,0.0,1007
1,0.0,0.2469654714256186,0.0,1008
1,0.0,0.44432321899668886,0.0,1009
1,0.0,0.45380847685524756,0.0,1011
1,0.0,0.4650693733279589,0.0,1015
1,0.0,0.3608779584568879,0.0,1021
1,0.0,0.5048274554788748,0.0,1023
1,0.0,0.2659199924590118,0.0,1028
1,0.0,0.7980642947496482,0.0,1030
1,0.0,0.47861894579685166,0.0,1031
1,0.0,0.44239456100254354,0.0,1032
1,0.0,0.4424666679854338,0.0,1044
1,0.0,0.514556139859973,0.0,1046
1,0.0,0.24557838500620083,0.0,1050
1,0.0,0.47135731436666267,0.0,1053
1,0.0,0.4759709150715679,0.0,1060
1,0.0,0.18499880318543133,0.0,1064
1,0.0,0.3311044017209919,0.0,1066
1,0.0,0.5008894043600316,0.0,1067
1,0.0,0.7268127074534837,0.0,1068
1,0.0,0.49952086354159636,0.0,1074
1,0.0,0.49316686097892787,0.0,1076
1,0.0,0.4112051331487318,0.0,1078
1,0.0,0.43772116158643687,0.0,1091
1,0.0,1.0171825235311214,0.0,1093
1,0.0,0.43909170397110237,0.0,1098
1,0.0,0.38486623504965717,0.0,1100
1,0.0,0.41834573231944666,0.0,1102
1,0.0,0.3719623774918947,0.0,1106
1,0.0,0.1517420436176654,0.0,1120
1,0.0,0.20679706724935437,0.0,1122
1,0.0,0.33006240292597216,0.0,1123
1,0.0,0.30202590292140735,0.0,1129
1,0.0,0.21241684768128793,0.0,1130
1,0.0,0.3488726359944169,0.0,1133
1,0.0,0.30027386656664595,0.0,1136
1,0.0,0.2765737638508769,0.0,1141
1,0.0,0.30999627807466396,0.0,1143
1,0.0,0.2796640849475011,0.0,1144
1,0.0,0.3799594137459627,0.0,1145
1,0.0,0.3840560782724471,0.0,1147
1,0.0,0.2461029351342014,0.0,1149
1,0.0,0.5899028724536379,0.0,1152
1,0.0,0.12196786492625211,0.0,1155
1,0.0,0.3315409415754091,0.0,1166
1,0.0,0.2748689262103658,0.0,1167
1,0.0,0.2754515794077314,0.0,1180
1,0.0,0.28840406014723224,0.0,1181
1,0.0,0.21966486239222577,0.0,1194
1,0.0,0.19891325969306506,0.0,1203
1,0.0,0.1668109040291677,0.0,1204
1,0.0,0.15868557789059784,0.0,1228
1,0.0,0.09859510633273416,0.0,1275
2,0.12216092165852854,0.0,0.0,283
2,0.15240466223206417,0.0,0.0,327
2,0.2148233927345597,0.0,0.0,365
2,0.24256756102181048,0.0,0.0,375
2,0.16794197605635253,0.0,0.0,378
2,0.17979414415669903,0.0,0.0,387
2,0.5922174346046141,0.0,0.0,399
2,0.3321111060799596,0.0,0.0,411
2,0.2916922677785097,0.0,0.0,414
2,0.4004326333497649,0.0,0.0,417
2,0.25550482179866546,0.0,0.0,425
2,0.3522985669276613,0.0,0.0,426
2,0.672624065730545,0.0,0.0,428
2,0.791804292719729,0.0,0.0,430
2,0.6953280007948553,0.0,0.0,432
2,0.4391141625559531,0.0,0.0,444
2,0.9008028014251388,0.0,0.0,445
2,0.5008614830217313,0.0,0.0,450
2,0.46891542810859604,0.0,0.0,451
2,0.45818927320060737,0.0,0.0,455
2,0.3197760752408703,0.0,0.0,457
2,0.5020691821001304,0.0,0.0,460
2,0.5069856365640346,0.0,0.0,461
2,0.9067311212871736,0.0,0.0,462
2,0.4769864753785433,0.0,0.0,469
2,1.2540811838678383,0.0,0.0,473
2,0.5082124222729834,0.0,0.0,478
2,0.46314659397492436,0.0,0.4377680452767562,480
2,0.969963094998761,0.0,0.0,482
2,0.5318793824630179,0.0,0.0,485
2,0.4376553272778975,0.0,0.0,488
2,0.4833855378517658,0.0,0.0,492
2,0.3998259117209934,0.0,0.0,493
2,0.9895938403690863,0.0,0.0,494
2,0.5735379900125019,0.0,0.0,497
2,0.5458623312072703,0.0,0.0,499
2,0.5851724390887123,0.0,0.0,500
2,0.4878485449573569,0.0,0.0,503
2,1.7483495864115106,0.0,0.0,505
2,1.0557872294286568,0.0,0.0,508
2,1.151665315741364,0.0,0.0,509
2,0.5500440903333499,0.0,0.0,515
2,0.0,0.0,0.16450823495555966,516
2,0.566274231271916,0.0,0.0,517
2,0.48898840307303876,0.0,0.0,520
2,0.5672314269162784,0.0,0.0,522
2,0.5255366146392242,0.0,0.0,525
2,0.9645714647490429,0.0,0.0,528
2,0.410958873918608,0.0,0.0,529
2,0.4249540805351239,0.0,0.0,531
2,0.5209926580639446,0.0,0.0,533
2,0.5318793824630179,0.0,0.0,536
2,0.5059826061772157,0.0,0.0,537
2,0.5079573527489669,0.0,0.0,538
2,0.4217595927716891,0.0,0.0,539
2,0.5477878712250883,0.0,0.0,550
2,0.42661870294062104,0.0,0.0,551
2,0.5203153949659796,0.0,0.40743449449060826,552
2,0.4630196525338279,0.0,0.0,553
2,0.5968704023507357,0.0,0.0,560
2,0.4055104743415056,0.0,0.0,564
2,0.434521639107923,0.0,0.0,567
2,0.4980230189231299,0.0,0.0,571
2,0.0,0.0,0.5968704023507357,573
2,0.0,0.0,0.8071192685185666,581
2,0.39787373269366305,0.0,0.0,589
2,0.3679351698530066,0.0,0.0,593
2,0.3725976294106436,0.0,0.0,603
2,0.0,0.0,0.7734456441945122,606
2,0.0,0.0,0.39787373269366305,621
2,0.0,0.0,0.410958873918608,626
2,0.434521639107923,0.0,0.0,629
2,0.0,0.0,0.4217595927716891,630
2,0.0,0.0,0.42661870294062104,631
2,0.0,0.0,0.4980230189231299,637
2,0.0,0.0,0.434521639107923,638
2,0.16450823495555966,0.0,0.0,643
2,0.0,0.0,0.3998259117209934,644
2,0.0,0.0,0.5477878712250883,647
2,0.0,0.0,0.5255366146392242,650
2,0.0,0.0,0.49730424810912927,651
2,0.0,0.0,0.5203153949659796,656
2,0.0,0.0,0.5318793824630179,661
2,0.0,0.0,0.4437336693577157,662
2,0.0,0.0,0.4744062318002182,663
2,0.0,0.0,0.5672314269162784,668
2,0.0,0.0,0.4833855378517658,670
2,0.0,0.0,0.530147915652518,671
2,0.0,0.0,1.0139399589261826,674
2,0.0,0.0,0.4630196525338279,675
2,0.0,0.0,0.46314659397492436,677
2,0.0,0.0,0.47835387725187933,687
2,0.0,0.0,0.4769864753785433,691
2,0.0,0.0,0.6017486313932279,693
2,0.0,0.0,1.0,695
2,0.0,0.0,0.5209926580639446,696
2,0.0,0.0,0.5735379900125019,698
2,0.0,0.0,0.566274231271916,700
2,0.0,0.0,0.3914049874740229,705
2,0.40743449449060826,0.0,0.0,706
2,0.0,0.0,0.5851724390887123,708
2,0.0,0.0,1.0570297268973845,710
2,0.0,0.0,0.5020691821001304,711
2,0.0,0.0,0.5318793824630179,714
2,0.0,0.0,0.5499166843481362,715
2,0.0,0.0,0.5458623312072703,716
2,0.0,0.0,0.5110781329712064,717
2,0.0,0.0,0.4249540805351239,719
2,0.0,0.0,0.9080295906645491,722
2,0.0,0.0,0.4672672166399136,723
2,0.0,0.0,0.5256393137761388,724
2,0.0,0.0,0.515187608568868,726
2,0.0,0.0,0.48898840307303876,728
2,0.4377680452767562,0.0,0.0,731
2,0.0,0.0,0.5262294256410454,733
2,0.0,0.0,0.4878485449573569,734
2,0.0,0.0,0.9731469691788805,735
2,0.0,0.0,0.5082124222729834,739
2,0.0,0.0,0.4376553272778975,743
2,0.0,0.0,1.1768669016795001,753
2,0.0,0.0,0.45818927320060737,755
2,0.0,0.0,0.775727306615959,762
2,0.0,0.0,0.40039930524570605,763
2,0.0,0.0,0.2896900691290442,766
2,0.0,0.0,0.3956529883159671,775
2,0.0,0.0,0.6953280007948553,779
2,0.0,0.0,0.4004326333497649,782
2,0.0,0.0,0.3197760752408703,790
2,0.0,0.0,0.30252736547556985,794
2,0.0,0.0,0.3321111060799596,795
2,0.0,0.0,0.9643163335090548,799
2,0.0,0.0,0.3522985669276613,805
2,0.0,0.0,0.2148233927345597,813
2,0.0,0.0,0.25550482179866546,821
2,0.0,0.0,0.15240466223206417,840
2,0.0,0.0,0.17979414415669903,848
2,0.0,0.0,0.24256756102181048,854
2,0.0,0.0,0.16794197605635253,870
2,0.0,0.0,0.12216092165852854,877
2,0.0,0.5968704023507357,0.0,1133
2,0.0,0.3914049874740229,0.0,1135
2,0.0,0.3998259117209934,0.0,1137
2,0.0,0.4437336693577157,0.0,1144
2,0.0,0.410958873918608,0.0,1155
2,0.0,0.9375528257751425,0.0,1157
2,0.0,0.16450823495555966,0.0,1159
2,0.0,1.0775012742889511,0.0,1160
2,0.0,0.4833855378517658,0.0,1162
2,0.0,0.2896900691290442,0.0,1165
2,0.0,0.4391141625559531,0.0,1166
2,0.0,0.15240466223206417,0.0,1167
2,0.0,0.4217595927716891,0.0,1169
2,0.0,0.4055104743415056,0.0,1170
2,0.0,1.009054818664165,0.0,1171
2,0.0,0.46891542810859604,0.0,1173
2,0.0,0.5255366146392242,0.0,1175
2,0.0,0.2148233927345597,0.0,1178
2,0.0,1.5385302967328536,0.0,1179
2,0.0,0.4722854861571492,0.0,1180
2,0.0,0.42661870294062104,0.0,1182
2,0.0,0.3725976294106436,0.0,1184
2,0.0,0.5008614830217313,0.0,1185
2,0.0,0.5672314269162784,0.0,1190
2,0.0,0.7029266707212759,0.0,1193
2,0.0,0.5735379900125019,0.0,1195
2,0.0,1.0796672536881062,0.0,1197
2,0.0,0.4285173152679896,0.0,1198
2,0.0,1.3002471856657896,0.0,1199
2,0.0,1.0,0.0,1200
2,0.0,0.6017486313932279,0.0,1202
2,0.0,0.434521639107923,0.0,1205
2,0.0,0.3321111060799596,0.0,1206
2,0.0,1.6035108529778217,0.0,1208
2,0.0,1.2905846450021934,0.0,1210
2,0.0,1.6390786522488272,0.0,1211
2,0.0,0.5079573527489669,0.0,1212
2,0.0,0.2916922677785097,0.0,1213
2,0.0,1.0720917568483157,0.0,1215
2,0.0,1.0744866535448994,0.0,1217
2,0.0,0.515187608568868,0.0,1220
2,0.0,0.5499166843481362,0.0,1224
2,0.0,0.5500440903333499,0.0,1225
2,0.0,0.672624065730545,0.0,1227
2,0.0,0.4630196525338279,0.0,1228
2,0.0,0.7635602190857551,0.0,1229
2,0.0,0.7899538942055588,0.0,1231
2,0.0,0.5256393137761388,0.0,1232
2,0.0,0.955521450772658,0.0,1235
2,0.0,0.883501533273324,0.0,1237
2,0.0,0.25550482179866546,0.0,1246
2,0.0,0.3197760752408703,0.0,1247
2,0.0,0.6569303791293912,0.0,1248
2,0.0,0.4249540805351239,0.0,1250
2,0.0,0.4672672166399136,0.0,1251
2,0.0,1.155784080902119,0.0,1258
3,0.06775018919268805,0.0,0.0,18
3,0.076014120662525,0.0,0.0,56
3,0.08973585268083872,0.0,0.0,57
3,0.01124280987573012,0.0,0.0,69
3,0.01795141174958864,0.0,0.0,70
3,0.0451993699874052,0.0,0.0,106
3,0.08774679978519018,0.0,0.0,110
3,0.028057255143847604,0.0,0.0,112
3,0.12130441096504813,0.0,0.0,128
3,0.057074099583222515,0.0,0.0,132
3,0.3519368417628939,0.0,0.0,133
3,0.13919123828257396,0.0,0.0,141
3,0.07895544232589236,0.0,0.0,165
3,0.031107584851401637,0.0,0.0,169
3,0.21491423175906493,0.0,0.0,175
3,0.06156101919906498,0.0,0.0,207
3,0.1602753420121597,0.0,0.0,217
3,0.3304912875487395,0.0,0.0,232
3,0.3065145492937244,0.0,0.0,242
3,0.607639683648503,0.0,0.0,258
3,0.39436339046039165,0.0,0.0,268
3,0.13161904086969095,0.0,0.0,274
3,0.5143403713623058,0.0,0.0,292
3,0.48478975284482645,0.0,0.0,305
3,0.524423147407115,0.0,0.0,306
3,1.0,0.0,0.0,309
3,0.47262849988781847,0.0,0.0,314
3,1.0131378199029981,0.0,0.0,332
3,0.4443693075742949,0.0,0.0,339
3,0.338013211643777,0.0,0.0,344
3,0.48983902739664026,0.0,0.0,348
3,0.49711730650075364,0.0,0.0,355
3,0.47764289690833933,0.0,0.0,358
3,0.6680693393842685,0.0,0.0,364
3,0.3772421829797436,0.0,0.0,369
3,0.19648335454784827,0.0,0.0,381
3,0.24245097528508647,0.0,0.0,385
3,0.34935211017838935,0.0,0.0,391
3,0.3914112552243599,0.0,0.0,393
3,0.4367468657755828,0.0,0.0,395
3,0.3675168841240834,0.0,0.0,401
3,0.3859681897934503,0.0,0.0,419
3,0.3742814413598014,0.0,0.0,429
3,0.26865169790143056,0.0,0.0,433
3,0.25823746086022153,0.0,0.0,438
3,0.32115803152616634,0.0,0.0,448
3,0.35012035711005524,0.0,0.0,449
3,0.307221963487954,0.0,0.0,469
3,0.2856712327289331,0.0,0.0,470
3,0.24920830848265768,0.0,0.0,487
3,0.0,0.0,0.04806077286332322,502
3,0.18400974194817588,0.0,0.0,505
3,0.47646050373753424,0.0,0.0,506
3,0.19735609696337597,0.0,0.0,521
3,0.11035421953229402,0.0,0.0,544
3,0.09249813686570302,0.0,0.0,549
3,0.12889701648170498,0.0,0.0,567
3,0.1117445886695182,0.0,0.0,585
3,0.0,0.0,0.1117445886695182,599
3,0.0,0.0,0.12889701648170498,616
3,0.0,0.0,0.18400974194817588,668
3,0.0,0.0,0.19735609696337597,672
3,0.04806077286332322,0.0,0.0,688
3,0.0,0.0,0.25823746086022153,704
3,0.0,0.0,0.24920830848265768,709
3,0.0,0.0,0.307221963487954,722
3,0.0,0.0,0.338013211643777,733
3,0.0,0.0,0.2856712327289331,742
3,0.0,0.0,0.11035421953229402,751
3,0.0,0.0,0.3675168841240834,758
3,0.0,0.0,0.34935211017838935,760
3,0.0,0.0,0.35012035711005524,763
3,0.0,0.0,0.09249813686570302,764
3,0.0,0.0,0.3742814413598014,765
3,0.0,0.0,0.3859681897934503,766
3,0.0,0.0,0.4367468657755828,788
3,0.0,0.0,0.47646050373753424,792
3,0.0,0.0,0.47764289690833933,808
3,0.0,0.0,1.0,820
3,0.0,0.0,0.48983902739664026,833
3,0.0,0.0,0.4975685445618246,836
3,0.0,0.0,0.3772421829797436,837
3,0.0,0.0,1.0215404539078687,845
3,0.0,0.0,0.5091148481863341,854
3,0.0,0.0,0.5155692753411736,855
3,0.0,0.0,0.32115803152616634,858
3,0.0,0.0,0.26865169790143056,860
3,0.0,0.0,0.47262849988781847,866
3,0.0,0.0,0.3914112552243599,873
3,0.0,0.0,0.4443693075742949,880
3,0.0,0.0,0.5143403713623058,890
3,0.0,0.0,0.3304912875487395,892
3,0.0,0.0,0.48478975284482645,899
3,0.0,0.0,0.15895449119793442,921
3,0.0,0.0,0.24245097528508647,925
3,0.0,0.0,0.40467544049428233,926
3,0.0,0.0,0.39436339046039165,928
3,0.0,0.0,0.19648335454784827,949
3,0.0,0.0,0.3065145492937244,957
3,0.0,0.0,0.13919123828257396,998
3,0.0,0.0,0.20296424315422062,1002
3,0.0,0.0,0.12130441096504813,1013
3,0.0,0.0,0.21491423175906493,1016
3,0.0,0.0,0.07895544232589236,1023
3,0.0,0.0,0.1602753420121597,1033
3,0.0,0.0,0.01124280987573012,1035
3,0.0,0.0,0.13161904086969095,1037
3,0.0,0.338013211643777,0.0,1077
3,0.0,0.0,0.06156101919906498,1084
3,0.0,0.0,0.3519368417628939,1100
3,0.0,0.01124280987573012,0.08774679978519018,1104
3,0.0,0.0,0.057074099583222515,1107
3,0.0,0.0,0.031107584851401637,1112
3,0.0,0.0,0.076014120662525,1113
3,0.0,0.0,0.0451993699874052,1122
3,0.0,0.3304912875487395,0.0,1124
3,0.0,0.0,0.028057255143847604,1128
3,0.0,1.0,0.0,1129
3,0.0,0.0,0.08973585268083872,1133
3,0.0,0.13919123828257396,0.0,1139
3,0.0,0.12130441096504813,0.0,1141
3,0.0,0.25823746086022153,0.0,1142
3,0.0,0.8737752575855045,0.0,1151
3,0.0,0.3675168841240834,0.0,1159
3,0.0,0.0,0.01795141174958864,1165
3,0.0,0.47764289690833933,0.0,1166
3,0.0,0.4975685445618246,0.0,1168
3,0.0,0.076014120662525,0.0,1169
3,0.0,0.0,0.06775018919268805,1172
3,0.0,0.18400974194817588,0.0,1173
3,0.0,0.47262849988781847,0.0,1180
3,0.0,0.48983902739664026,0.0,1181
3,0.0,0.5143403713623058,0.0,1182
3,0.0,0.5656438822572878,0.0,1183
3,0.0,0.5164200291638006,0.0,1184
3,0.0,0.3859681897934503,0.0,1185
3,0.0,0.5155692753411736,0.0,1187
3,0.0,0.07895544232589236,0.0,1188
3,0.0,0.20554681473685,0.0,1190
3,0.0,0.5221361952470189,0.0,1191
3,0.0,0.19735609696337597,0.0,1193
3,0.0,0.3742814413598014,0.0,1194
3,0.0,0.6435716989430493,0.0,1196
3,0.0,0.3065145492937244,0.0,1199
3,0.0,0.49711730650075364,0.0,1200
3,0.0,0.48478975284482645,0.0,1204
3,0.0,0.3772421829797436,0.0,1206
3,0.0,0.6357915898389883,0.0,1212
3,0.0,0.08774679978519018,0.0,1214
3,0.0,0.5091148481863341,0.0,1218
3,0.0,0.4443693075742949,0.0,1219
3,0.0,0.0451993699874052,0.0,1228
3,0.0,0.3519368417628939,0.0,1233
3,0.0,0.01795141174958864,0.0,1235
3,0.0,0.057074099583222515,0.0,1239
3,0.0,0.028057255143847604,0.0,1240
3,0.0,0.1602753420121597,0.0,1250
3,0.0,0.20296424315422062,0.0,1260
3,0.0,0.3914112552243599,0.0,1266
3,0.0,0.031107584851401637,0.0,1281
3,0.0,0.15895449119793442,0.0,1285
3,0.0,0.06156101919906498,0.0,1291
3,0.0,0.26865169790143056,0.0,1293
3,0.0,0.11035421953229402,0.0,1295
3,0.0,0.47646050373753424,0.0,1298
3,0.0,0.32115803152616634,0.0,1306
3,0.0,0.24245097528508647,0.0,1310
3,0.0,0.13161904086969095,0.0,1311
3,0.0,0.09249813686570302,0.0,1313
3,0.0,0.19648335454784827,0.0,1330
4,0.0,0.0,0.35905994451499107,83
4,0.0,0.0,0.4904074761120915,90
4,0.0,0.0,1.018068603558462,109
4,0.0,0.0,0.5284039977630597,113
4,0.0,0.0,0.4327563874933302,115
4,0.0,0.0,0.5037499546425337,120
4,0.0,0.0,0.5114567553393974,121
4,0.0,0.0,0.5155967009243356,123
4,0.0,0.0,0.4939068485755395,125
4,0.0,0.0,0.5505480064439203,126
4,0.0,0.0,0.5479083289326625,128
4,0.0,0.0,1.0392483431331052,129
4,0.0,0.0,0.553096345372573,131
4,0.0,0.0,0.42466159087003935,134
4,0.0,0.0,0.5441229960901341,135
4,0.0,0.0,1.0676287550654175,137
4,0.0,0.0,0.5458107887460855,138
4,0.0,0.0,0.546571651421581,139
4,0.0,0.0,0.5385719156717625,141
4,0.0,0.0,0.4975685445618246,143
4,0.0,0.0,0.5463780565910841,146
4,0.0,0.0,0.486804750443581,147
4,0.0,0.0,0.5117869378622937,151
4,0.0,0.0,1.5272529201166323,153
4,0.0,0.0,0.5460623660129893,154
4,0.0,0.0,0.5467423105582623,162
4,0.0,0.0,0.5510915939756491,163
4,0.0,0.0,0.5371808131927349,166
4,0.0,0.0,0.5456986838209994,171
4,0.0,0.0,0.5620610166292705,172
4,0.0,0.0,1.0819521899673719,173
4,0.0,0.0,1.0230346189819741,179
4,0.0,0.0,0.5638472937170758,183
4,0.0,0.0,0.46483345882726185,185
4,0.0,0.0,0.49831178668484527,186
4,0.0,0.0,1.0821361187510425,187
4,0.0,0.0,0.46828682268804406,191
4,0.0,0.0,0.3874778170209206,193
4,0.0,0.0,0.5357905439472408,194
4,0.0,0.0,0.5250769702836584,195
4,0.0,0.0,1.012079218729517,196
4,0.0,0.0,0.5416954759551731,197
4,0.0,0.0,1.0600700271849046,198
4,0.0,0.0,1.3798528406297161,200
4,0.0,0.0,0.5400677413454378,201
4,0.0,0.0,1.0036327256549147,202
4,0.0,0.0,0.4537558060404578,211
4,0.0,0.0,0.5169585395303284,214
4,0.0,0.0,0.5062133655204533,218
4,0.0,0.0,0.5186088993814881,220
4,0.0,0.0,0.47338268166390735,222
4,0.0,0.0,1.0143730070496648,227
4,0.0,0.0,0.4280554675120875,234
4,0.0,0.0,0.43633555816387154,247
4,0.0,0.0,0.7930523087874822,248
4,0.0,0.0,0.362134327671146,249
4,0.0,0.0,0.4376787869044431,251
4,0.0,0.0,0.43542867351653164,255
4,0.0,0.0,0.417265408332462,258
4,0.0,0.0,0.38977727132061163,260
4,0.0,0.0,0.38461448545638127,266
4,0.0,0.0,0.3241501693523862,280
4,0.0,0.0,0.008862033909080913,583
4,0.362134327671146,0.0,0.0,615
4,0.33242960658625614,0.0,0.0,617
4,0.417265408332462,0.0,0.0,646
4,0.0,0.0,0.0027354763904037793,647
4,0.8818112735525453,0.0,0.0,652
4,0.43633555816387154,0.0,0.0,653
4,0.43542867351653164,0.0,0.0,654
4,0.38461448545638127,0.0,0.0,658
4,0.4606227022012261,0.0,0.0,661
4,0.47338268166390735,0.0,0.0,663
4,1.3774575309236174,0.0,0.0,667
4,0.4908525866763826,0.0,0.0,670
4,0.49831178668484527,0.0,0.0,683
4,0.5400677413454378,0.0,0.0,685
4,0.3470253148095562,0.0,0.0,686
4,0.5321408043237845,0.0,0.0,687
4,0.5416954759551731,0.0,0.0,689
4,1.971511858677391,0.0,0.0,693
4,1.0355674389118166,0.0,0.0,697
4,0.3874778170209206,0.0,0.0,698
4,0.5117869378622937,0.0,0.0,699
4,0.3241501693523862,0.0,0.0,700
4,0.5357905439472408,0.0,0.0,701
4,0.5278124466740621,0.0,0.0,702
4,0.5506306181086196,0.0,0.0,704
4,1.0520796663215575,0.0,0.0,708
4,0.5465020621446228,0.0,0.0,711
4,0.5325976240033845,0.0,0.0,713
4,0.008862033909080913,0.0,0.0,715
4,1.5409627232750127,0.0,0.0,716
4,1.0325034342645805,0.0,0.0,722
4,0.531505500642423,0.0,0.0,724
4,0.5234655935881924,0.0,0.0,726
4,1.6145081345661771,0.0,0.0,727
4,1.0829824901877962,0.0,0.0,731
4,0.5319535518851428,0.0,0.0,735
4,1.0901853621031234,0.0,0.0,740
4,1.612579138956305,0.0,0.0,742
4,0.5467423105582623,0.0,0.0,745
4,0.48632546367553714,0.0,0.0,749
4,1.027389923658795,0.0,0.0,750
4,0.5072947912479624,0.0,0.0,751
4,0.5284039977630597,0.0,0.0,760
4,0.5272529201166323,0.0,0.0,763
4,0.546571651421581,0.0,0.0,765
4,1.5637405929459203,0.0,0.0,766
4,1.5425405885947272,0.0,0.0,770
4,0.5385719156717625,0.0,0.0,777
4,0.4904074761120915,0.0,0.0,783
4,0.5114567553393974,0.0,0.0,784
4,0.5098911647272955,0.0,0.0,787
4,0.5505480064439203,0.0,0.0,789
4,0.5155967009243356,0.0,0.0,793
4,0.4755280149637348,0.0,0.0,794
4,0.4327563874933302,0.0,0.0,807
4,0.42466159087003935,0.0,0.0,812
4,0.35905994451499107,0.0,0.0,823
4,0.0,0.5117869378622937,0.0,850
4,0.0,0.4939068485755395,0.0,852
4,0.0,0.46828682268804406,0.0,858
4,0.0,0.4975685445618246,0.0,859
4,0.0,0.5037499546425337,0.0,862
4,0.0,0.4537558060404578,0.0,863
4,0.0,0.8940878795562888,0.0,864
4,0.0,0.33242960658625614,0.0,865
4,0.0,0.5234119206060048,0.0,866
4,0.0,1.4566084584595564,0.0,869
4,0.0,0.5348022463774924,0.0,872
4,0.0,1.0188114738751513,0.0,873
4,0.0,0.5441229960901341,0.0,875
4,0.0,0.5463780565910841,0.0,877
4,0.0,0.5479083289326625,0.0,878
4,0.0,1.1002781789328493,0.0,879
4,0.0,0.5072947912479624,0.0,880
4,0.0,0.5371808131927349,0.0,882
4,0.0,0.47338268166390735,0.0,885
4,0.0,1.8568439996222545,0.0,886
4,0.0,0.48823237260448166,0.0,887
4,0.0,0.5321408043237845,0.0,889
4,0.0,1.5019557288466159,0.0,891
4,0.0,0.5456986838209994,0.0,893
4,0.0,0.5460623660129893,0.0,894
4,0.0,0.5357905439472408,0.0,895
4,0.0,1.569025902332614,0.0,897
4,0.0,0.5620610166292705,0.0,899
4,0.0,0.9948758275252385,0.0,900
4,0.0,0.4755280149637348,0.0,903
4,0.0,1.5096478485001286,0.0,904
4,0.0,1.0625483493150465,0.0,905
4,0.0,0.35905994451499107,0.0,906
4,0.0,0.5467423105582623,0.0,907
4,0.0,1.4286489997211422,0.0,909
4,0.0,1.5949661023173742,0.0,911
4,0.0,0.5505480064439203,0.0,915
4,0.0,1.042849621040968,0.0,916
4,0.0,0.5186088993814881,0.0,917
4,0.0,0.9762507025762057,0.0,918
4,0.0,0.5235204203732822,0.0,920
4,0.0,0.4327563874933302,0.0,922
4,0.0,1.0,0.0,923
4,0.0,1.4179712437718692,0.0,924
4,0.0,0.5366044335967122,0.0,929
4,0.0,0.5062133655204533,0.0,934
4,0.0,0.9041431855961717,0.0,946
4,0.0,0.48632546367553714,0.0,949
4,0.0,0.46483345882726185,0.0,951
4,0.0,0.38977727132061163,0.0,953
4,0.0,0.3241501693523862,0.0,980
4,0.0,0.008862033909080913,0.0,1298
4,0.0,0.0027354763904037793,0.0,1349
5,0.0,0.0,0.035135428991691975,193
5,0.0,0.0,0.6529746851904439,200
5,0.11683001273502458,0.0,0.0,275
5,2.0,0.0,0.0,278
5,0.8039354527399614,0.0,0.0,291
5,1.3119558443328077,0.0,0.0,297
5,1.2740677809254624,0.0,0.0,303
5,1.4146391001928138,0.0,0.0,305
5,0.7569729352026026,0.0,0.0,313
5,0.6876162476162796,0.0,0.0,314
5,1.3777333874243454,0.0,0.0,315
5,1.8414759491634947,0.0,0.0,316
5,0.7471347690913442,0.0,0.0,317
5,0.6981719751816624,0.0,0.0,318
5,0.7360353782092102,0.0,0.0,319
5,0.782834942206744,0.0,0.0,320
5,0.732082890225193,0.0,0.0,322
5,0.4568324130944225,0.0,0.0,323
5,2.174764986514715,0.0,0.0,325
5,0.7807420511499872,0.0,0.0,327
5,1.9519425447297403,0.0,0.0,328
5,0.4366725991924593,0.0,0.0,329
5,0.7952006967205703,0.0,0.0,330
5,0.8006563118482335,0.0,0.0,331
5,0.6823834451292577,0.0,0.0,332
5,0.7038753043630964,0.0,0.0,333
5,0.914168700895047,0.0,0.0,334
5,0.6890003840377533,0.0,0.0,335
5,0.4561964445702462,0.0,0.0,337
5,0.6893275005796233,0.0,0.0,338
5,2.639220588544481,0.0,0.0,339
5,0.5079468954634045,0.0,0.0,340
5,1.296985422216628,0.0,0.0,341
5,1.4384728161215263,0.0,0.0,342
5,0.6458744258171906,0.0,0.0,343
5,0.6318480080872186,0.0,0.0,345
5,1.5100791868513412,0.0,0.0,346
5,0.7205270596491292,0.0,0.0,348
5,0.20717421203297076,0.0,0.0,350
5,0.6353952273338109,0.0,0.0,351
5,0.561387452390447,0.0,0.0,353
5,0.5152038429587249,0.0,0.0,354
5,0.26883632666678586,0.0,0.0,355
5,0.22610976029194235,0.0,0.0,356
5,0.2510246566669609,0.0,0.0,362
5,1.344254433532721,0.0,0.0,363
5,0.6401116617767164,0.0,0.0,365
5,0.2000862895935705,0.0,0.0,366
5,0.6538445210114464,0.0,0.0,367
5,1.0976072047846648,0.0,0.0,368
5,0.8502086725923577,0.0,0.0,369
5,0.6816041907624458,0.0,0.0,370
5,0.832662259533655,0.0,0.0,372
5,0.5602544954141722,0.0,0.0,374
5,1.27339730034916,0.0,0.0,376
5,0.6084662730157597,0.0,0.0,377
5,0.5617400022447596,0.0,0.0,383
5,0.11241841148926268,0.0,0.0,384
5,0.5918899926635257,0.0,0.0,387
5,0.519809388143342,0.0,0.0,396
5,0.48782699132519614,0.0,0.0,399
5,0.0,0.0,0.3418319831285485,489
5,0.3343573469767871,0.0,0.0,506
5,0.0,0.0,0.3869501082752573,507
5,0.0,0.0,0.5541228846175861,518
5,0.0,0.0,0.31161950380161824,519
5,0.0,0.0,0.441081448204875,521
5,0.0,0.0,0.43982989939991185,523
5,0.0,0.0,0.17125421827235476,524
5,0.0,0.0,0.37894363936766634,525
5,0.0,0.0,0.7379017405554859,526
5,0.0,0.0,1.2567982628636394,528
5,0.0,0.0,0.4046946152195517,530
5,0.0,0.0,0.39583432079249764,531
5,0.0,0.0,0.18726540641794803,534
5,0.0,0.0,0.7344741638907181,535
5,0.0,0.0,0.5549165820589166,537
5,0.0,0.0,0.47262320688169307,539
5,0.0,0.0,0.09064539832767521,540
5,0.0,0.0,0.47079178699476615,541
5,0.0,0.0,0.6390333040813352,542
5,0.0,0.0,0.4662954346150901,544
5,0.0,0.0,1.372364049401756,546
5,0.0,0.0,0.5038852913319565,549
5,0.0,0.0,1.287917645112654,553
5,0.0,0.0,0.3208600841744231,554
5,0.0,0.0,1.5504572520560942,555
5,0.0,0.0,0.4580652441987281,557
5,0.0,0.0,0.5311961534537459,558
5,0.0,0.0,0.1990210352209898,559
5,0.0,0.0,0.5288024734801302,561
5,0.0,0.0,0.7563096116482781,563
5,0.0,0.0,0.44005011636700603,564
5,0.0,0.0,0.8644478009776372,567
5,0.0,0.0,1.1929702116868117,569
5,0.0,0.0,0.6183924406469175,570
5,0.0,0.0,0.9354402782411053,571
5,0.0,0.0,0.9047822223203181,572
5,0.0,0.0,0.5332370230900245,573
5,0.0,0.0,0.5096786483887039,575
5,0.0,0.0,0.18614221703038825,576
5,0.0,0.0,0.492097053421475,577
5,0.0,0.0,0.6806859819281047,579
5,0.0,0.0,0.1958325102804837,580
5,0.0,0.0,1.2148066484143465,581
5,0.0,0.0,0.4508146360259853,583
5,0.0,0.0,0.3190880018547279,584
5,0.0,0.0,0.4987361155050987,588
5,0.0,0.0,0.47564030971372145,589
5,0.0,0.0,0.4417786690661745,590
5,0.0,0.0,0.7741564069391708,591
5,0.0,0.0,0.48304207352188683,595
5,0.0,0.0,0.47123793405735787,597
5,0.0,0.0,0.4273863740527884,598
5,0.0,0.0,0.1764365276872975,599
5,0.0,0.0,0.18305851715469174,601
5,0.0,0.0,0.4635163493137537,602
5,0.0,0.0,1.0,608
5,0.0,0.0,0.5292478101465903,610
5,0.0,0.0,0.41019844677367506,614
5,0.09494680631147229,0.0,0.0,617
5,0.0,0.0,0.14843392981722836,618
5,0.0,0.0,0.42942242031747074,619
5,0.0,0.0,0.17697449104613627,620
5,0.0,0.0,0.3097381735017276,621
5,0.0,0.0,0.39817190532704355,626
5,0.0,0.0,0.3615081181859953,627
5,0.0,0.0,0.15652302178533528,630
5,0.0,0.0,0.5309117283185933,631
5,0.0,0.0,0.21128212313582811,632
5,0.0,0.0,0.36911733102055716,633
5,0.0,0.0,0.14768250539679795,634
5,0.0,0.0,0.09461802904850886,638
5,0.0,0.0,0.10526362516065185,641
5,0.0,0.0,0.7526800022891192,645
5,0.0,0.0,0.7785825377743323,647
5,0.1395081779599009,0.0,0.0,652
5,0.09461802904850886,0.0,0.12180231637866135,653
5,0.3002760490435347,0.0,0.0,654
5,0.0,0.0,0.16145932955330922,655
5,0.09952887422621354,0.0,0.0,658
5,0.0,0.0,0.1393344755021434,660
5,0.3496908085118256,0.0,0.0,661
5,0.0,0.0,0.27898771612434314,662
5,0.0574874486164928,0.0,0.0,663
5,0.296162281756996,0.0,0.0,667
5,0.0,0.0,0.10283853720832914,668
5,0.018142664317396084,0.0,0.13639196814762738,670
5,0.0,0.0,0.020801040886962552,672
5,0.0,0.0,0.11480788446454115,673
5,0.0,0.0,0.17375707813415792,676
5,0.0,0.0,0.20651933963083158,679
5,0.0,0.0,0.08826564609994436,682
5,0.1338984034211868,0.0,0.0,683
5,0.11480788446454115,0.0,0.0,685
5,1.6529746851904439,0.0,0.0,686
5,0.14907094778358504,0.0,0.0,687
5,0.10405308773899558,0.0,0.07595446023406327,689
5,0.3521178569456686,0.0,0.0,693
5,0.0,0.0,0.0560014217316423,696
5,0.15652302178533528,0.0,0.3496908085118256,697
5,0.40425276001224913,0.0,0.0,698
5,0.17016922702260945,0.0,0.0,699
5,0.15892929001644235,0.0,0.0,700
5,0.13639196814762738,0.0,0.0,701
5,0.6295115899907473,0.0,0.0,702
5,0.07595446023406327,0.0,0.0,704
5,0.33751187407423083,0.0,0.0,708
5,0.09876304655105483,0.0,0.0,711
5,0.102466251891836,0.0,0.0,713
5,0.0,0.0,1.0,714
5,0.4508146360259853,0.0,0.0,715
5,0.5109704978664273,0.0,0.0,716
5,0.0,0.0,0.3002760490435347,720
5,0.7408068049632737,0.0,0.0,722
5,0.08899771307990251,0.0,0.0,724
5,0.07499403158310308,0.0,0.0,726
5,0.29823884406595885,0.0,0.0,727
5,0.0,0.0,0.0574874486164928,728
5,0.09869058492344501,0.0,0.0,735
5,0.1758397700805408,0.0,0.0229497032940722,740
5,0.0,0.0,0.018142664317396084,741
5,0.3567495753607686,0.0,0.0,742
5,0.1958325102804837,0.0,0.0,745
5,0.19419186458928817,0.0,0.03666964075157175,749
5,0.19173593607235945,0.0,0.0,750
5,0.09064539832767521,0.0,0.0,751
5,0.0,0.0,0.09494680631147229,756
5,0.10013884342578994,0.0,0.0,763
5,0.1990210352209898,0.0,0.0,765
5,0.3030391570937507,0.0,0.0,766
5,0.3139827471568232,0.0,0.0,770
5,0.20825992458397463,0.0,0.0,777
5,0.13723345378472152,0.0,0.0,783
5,0.1824322909015239,0.0,0.0,784
5,0.22367652278428124,0.0,0.0,789
5,0.0,0.0,0.3343573469767871,792
5,0.1923309607902371,0.0,0.0,793
5,0.21089069716387304,0.0,0.0,794
5,0.17125421827235476,0.0,0.0,807
5,0.18726540641794803,0.0,0.0,812
5,0.18614221703038825,0.0,0.0,823
5,0.0,0.3892732089873053,0.0,850
5,0.0,0.3869501082752573,0.0,852
5,0.0,0.4566010131798112,0.0,858
5,0.0,0.37894363936766634,0.0,859
5,0.0,0.3418319831285485,0.0,863
5,0.0,0.9137046550865681,0.0,864
5,0.0,0.4498585472035302,0.0,865
5,0.0,0.4510779397254336,0.0,866
5,0.0,0.0,0.11241841148926268,868
5,0.0,1.3228584161788848,0.0,869
5,0.0,0.49841545045191865,0.0,872
5,0.0,0.42420057605762923,0.0,873
5,0.0,0.8251508315124724,0.0,879
5,0.0,0.438002542537206,0.0,880
5,0.0,0.46017365978234753,0.0,882
5,0.0,0.5311961534537459,0.0,885
5,0.0,3.2179082193684554,0.0,886
5,0.0,0.31161950380161824,0.0,887
5,0.0,0.5105870292007164,0.0,889
5,0.0,0.7958254125660269,0.0,891
5,0.0,0.47242605734413007,0.0,893
5,0.0,0.47123793405735787,0.0,894
5,0.0,0.5038852913319565,0.0,895
5,0.0,1.3749887618037344,0.0,897
5,0.0,0.49542277817123853,0.0,899
5,0.0,0.8917612288705754,0.0,900
5,0.0,0.5332370230900245,0.0,903
5,0.0,1.5021609913638618,0.0,904
5,0.0,0.9185992662895274,0.0,905
5,0.0,0.4046946152195517,0.0,906
5,0.0,0.4662954346150901,0.0,907
5,0.0,1.1931774878370314,0.0,909
5,0.0,1.494729636876065,0.0,911
5,0.0,0.4264452584404312,0.0,915
5,0.0,0.9194834274742634,0.0,916
5,0.0,0.8376129898586722,0.0,918
5,0.0,0.0,0.19362548736884616,919
5,0.0,0.45597826643946454,0.0,922
5,0.0,1.3631279742299203,0.0,924
5,0.0,0.0,0.18394814248669278,927
5,0.0,0.2793912469149444,0.0,934
5,0.0,0.0,0.20072138628861408,935
5,0.0,0.0,0.20717421203297076,940
5,0.0,0.0,0.20667948976960132,942
5,0.0,0.0,0.18826818695318281,943
5,0.0,0.0,0.18899214934315645,945
5,0.0,0.772889743681241,0.21842251228562365,946
5,0.0,0.0,0.1452310151621231,947
5,0.0,0.4017867832461584,0.0,949
5,0.0,0.0,0.13903462220606677,950
5,0.0,0.39817190532704355,0.0,951
5,0.0,0.0,0.20479297761231557,952
5,0.0,0.41019844677367506,0.21850579650094631,953
5,0.0,0.0,0.4460784548041339,955
5,0.0,0.0,0.22481107735985112,962
5,0.0,0.0,0.19605567187102807,969
5,0.0,0.0,0.7081901282227612,973
5,0.0,0.0,0.2422533376592068,977
5,0.0,0.0,0.41108744610760867,978
5,0.0,0.0,0.20843574441025176,979
5,0.0,0.3190880018547279,0.7432384484013395,980
5,0.0,0.0,0.46603295491356256,983
5,0.0,0.0,0.25795038872774173,985
5,0.0,0.0,0.376291554905245,994
5,0.0,0.0,0.23920435639762644,995
5,0.0,0.0,0.15825817602138437,998
5,0.0,0.0,0.5451064578756589,1004
5,0.0,0.0,0.24885575330446835,1005
5,0.0,0.0,0.20276385663673585,1008
5,0.0,0.0,0.46003525117219973,1009
5,0.0,0.0,0.2487193186394256,1010
5,0.0,0.0,0.11683001273502458,1011
5,0.0,0.0,0.26569355780419773,1013
5,0.0,0.0,0.2722479130060275,1014
5,0.0,0.0,0.5308000002973315,1017
5,0.0,0.0,0.6798832671195625,1023
5,0.0,0.0,0.4742328274561426,1025
5,0.0,0.0,0.270785601128874,1028
5,0.0,0.0,0.2270608565776227,1029
5,0.0,0.0,0.18825388320082403,1030
5,0.0,0.0,0.7451163055389416,1031
5,0.0,0.0,0.22610976029194235,1032
5,0.0,0.0,0.2660396511008248,1033
5,0.0,0.0,0.44067717662467965,1035
5,0.0,0.0,0.26329293019899885,1037
5,0.0,0.0,0.2576516677981657,1039
5,0.0,0.0,0.2685642261412397,1042
5,0.0,0.0,0.18235613456301358,1044
5,0.0,0.0,0.2670554549180633,1046
5,0.0,0.0,0.25074912013062417,1048
5,0.0,0.0,0.7766701638100106,1050
5,0.0,0.0,0.28617683100568,1054
5,0.0,0.0,0.26563340383991,1061
5,0.0,0.0,0.545166563508337,1062
5,0.0,0.0,0.4739297424067629,1064
5,0.0,0.0,0.20651036533453632,1069
5,0.0,0.0,0.24349434588511315,1072
5,0.0,0.0,0.21646457615024367,1075
5,0.0,0.0,0.2210556624348427,1085
5,0.0,0.0,0.22552147687631846,1086
5,0.0,0.0,0.22240424183648905,1089
5,0.0,0.0,0.21519019027214953,1090
5,0.0,0.0,0.15715188315882533,1096
5,0.0,0.0,1.0,1122
5,0.0,0.0,0.12270613052277113,1148
5,0.0,0.11241841148926268,0.0,1252
5,0.0,0.1452310151621231,0.0,1260
5,0.0,0.27798986242305895,0.0,1261
5,0.0,0.18826818695318281,0.0,1266
5,0.0,0.11683001273502458,0.0,1286
5,0.0,0.5200631605832162,0.0,1290
5,0.0,0.5526282922483037,0.0,1291
5,0.0,0.20479297761231557,0.0,1295
5,0.0,0.7851719830027724,0.0,1298
5,0.0,0.5098059890098487,0.0,1299
5,0.0,0.2954916298061059,0.0,1301
5,0.0,0.3524041999221331,0.0,1304
5,0.0,0.7977226174818302,0.0,1311
5,0.0,0.2422533376592068,0.0,1317
5,0.0,0.4765464962802976,0.0,1318
5,0.0,0.4008713543588895,0.0,1319
5,0.0,0.3212610494939528,0.0,1320
5,0.0,0.4024145240627311,0.0,1322
5,0.0,0.450949392521011,0.0,1324
5,0.0,0.4206435876403348,0.0,1325
5,0.0,1.22785305099082,0.0,1326
5,0.0,1.0542945281311997,0.0,1327
5,0.0,1.2680769664738936,0.0,1331
5,0.0,0.42131886078961256,0.0,1334
5,0.0,0.8784920758339647,0.0,1343
5,0.0,1.1806995148387573,0.0,1346
5,0.0,0.4728543707944187,0.0,1347
5,0.0,1.1290885691230153,0.0,1349
5,0.0,0.5177583239929793,0.0,1352
5,0.0,0.26569355780419773,0.0,1353
5,0.0,0.4043155964550027,0.0,1356
5,0.0,0.9187922272780155,0.0,1358
5,0.0,0.4309402924699859,0.0,1360
5,0.0,0.9169702185846216,0.0,1361
5,0.0,0.2685642261412397,0.0,1365
5,0.0,0.2510246566669609,0.0,1366
5,0.0,1.1977077223716663,0.0,1367
5,0.0,0.36734601793799443,0.0,1368
5,0.0,0.4035016162267021,0.0,1371
5,0.0,0.5324045494149271,0.0,1372
5,0.0,0.638775305115318,0.0,1373
5,0.0,0.567331503961598,0.0,1374
5,0.0,0.3603901379369861,0.0,1376
5,0.0,0.27178454937682567,0.0,1377
5,0.0,0.3887328756111499,0.0,1378
5,0.0,0.3667002161906227,0.0,1380
5,0.0,0.4426078948860463,0.0,1386
5,0.0,0.349512166681679,0.0,1387
5,0.0,0.22610976029194235,0.0,1388
5,0.0,0.8326715855416529,0.0,1389
5,0.0,0.307033346312734,0.0,1391
5,0.0,0.2849281093348208,0.0,1392
5,0.0,0.28307763961113114,0.0,1393
5,0.0,0.5422712204021287,0.0,1397
5,0.0,0.36614825524043004,0.0,1399
5,0.0,2.0,0.0,1400
5,0.0,0.2621911176278902,0.0,1401
5,0.0,0.27077330839582137,0.0,1402
5,0.0,0.3034558363720939,0.0,1404
5,0.0,0.5270340391679813,0.0,1407
5,0.0,0.30664920876032625,0.0,1408
5,0.0,0.24054690615388513,0.0,1411
5,0.0,0.17795292404578789,0.0,1438
5,0.0,0.12270613052277113,0.0,1439
6,0.2893053933418492,0.0,0.0,288
6,0.416884000184184,0.0,0.0,300
6,0.40539161380579974,0.0,0.0,317
6,0.4321043656739387,0.0,0.0,318
6,0.3432777658584559,0.0,0.0,321
6,0.43245988689880427,0.0,0.0,325
6,0.6469872324964143,0.0,0.0,328
6,0.22887112638883406,0.0,0.0,333
6,0.3768462444959398,0.0,0.0,335
6,0.48611546284187274,0.0,0.0,339
6,0.2406336228130072,0.0,0.0,340
6,0.6625761083485197,0.0,0.0,342
6,0.35456577768469905,0.0,0.0,343
6,0.8743041565774867,0.0,0.0,344
6,1.0531379367670903,0.0,0.0,345
6,0.5351154549109884,0.0,0.0,346
6,0.4847618844605249,0.0,0.0,349
6,1.1324190038537252,0.0,0.0,350
6,0.3527740238631771,0.0,0.0,351
6,0.7996354968350929,0.0,0.0,352
6,0.48361669685557757,0.0,0.0,354
6,0.5083804853402307,0.0,0.0,355
6,1.3153331339607994,0.0,0.0,356
6,0.5824711146292578,0.0,0.0,357
6,0.5091327054647989,0.0,0.0,358
6,0.5683173245808579,0.0,0.0,360
6,0.25638838358143484,0.0,0.0,361
6,0.5694166432101038,0.0,0.0,363
6,0.43283730864269393,0.0,0.0,366
6,0.47696105057351607,0.0,0.0,367
6,0.37800035020765405,0.0,0.0,368
6,0.5544169479781191,0.0,0.0,369
6,0.4232743404080948,0.0,0.0,370
6,1.0173562107154712,0.0,0.0,371
6,0.929813388666247,0.0,0.0,372
6,0.5853455121853821,0.0,0.0,374
6,0.4497156696172448,0.0,0.0,375
6,1.1516493259647178,0.0,0.0,376
6,0.8872400785258479,0.0,0.0,377
6,0.21951619190893495,0.0,0.0,378
6,1.4870802429045882,0.0,0.0,380
6,1.2996834413258573,0.0,0.0,381
6,1.4931756880879856,0.0,0.0,385
6,0.6291004899195409,0.0,0.0,389
6,0.24220906884869559,0.0,0.0,390
6,0.25837738087359535,0.0,0.0,391
6,0.9768242759572647,0.0,0.0,394
6,0.19612994884353774,0.0,0.0,399
6,1.0,0.0,0.0,403
6,0.5371808131927349,0.0,0.0,408
6,0.5484079506092152,0.0,0.0,409
6,0.48558528228362025,0.0,0.0,410
6,0.21278342044338444,0.0,0.0,411
6,0.6941957785382245,0.0,0.0,416
6,0.500671012109309,0.0,0.0,417
6,0.25418061161291067,0.0,0.0,422
6,0.49399049176794557,0.0,0.0,425
6,0.0,0.0,0.19612994884353774,536
6,0.0,0.0,0.21951619190893495,549
6,0.0,0.0,0.21278342044338444,552
6,0.0,0.0,0.24220906884869559,561
6,0.0,0.0,0.25837738087359535,567
6,0.0,0.0,0.25418061161291067,574
6,0.0,0.0,0.23805027212670887,585
6,0.0,0.0,0.3276838538243129,599
6,0.0,0.0,0.35270803389208666,608
6,0.0,0.0,0.35456577768469905,633
6,0.0,0.0,0.43283730864269393,644
6,0.0,0.0,1.301658620301624,646
6,0.0,0.0,0.48558528228362025,652
6,0.0,0.0,0.977632062682825,657
6,0.0,0.0,0.5180960589745458,658
6,0.0,0.0,0.4798489435027434,664
6,0.0,0.0,0.5435371102246027,672
6,0.0,0.0,0.49399049176794557,675
6,0.0,0.0,0.940840372239035,676
6,0.0,0.0,1.0946874332728072,688
6,0.0,0.0,1.6707374277268694,690
6,0.0,0.0,0.5484079506092152,691
6,0.0,0.0,0.5441043753479975,692
6,0.0,0.0,0.6282966601033051,693
6,0.0,0.0,1.1899528379833169,695
6,0.0,0.0,0.5351154549109884,696
6,0.0,0.0,0.5875093546406871,697
6,0.0,0.0,1.5992146470972053,699
6,0.0,0.0,0.6291004899195409,700
6,0.0,0.0,0.5824711146292578,702
6,0.0,0.0,0.5687571875697324,704
6,0.0,0.0,0.416884000184184,707
6,0.0,0.0,1.1299390034504602,709
6,0.0,0.0,0.5683173245808579,711
6,0.0,0.0,0.8760095064873585,713
6,0.0,0.0,0.5341809450552768,717
6,0.0,0.0,0.5715632439844456,720
6,0.0,0.0,0.5189569917118135,724
6,0.0,0.0,1.06183860853376,725
6,0.0,0.0,0.49176382129473134,734
6,0.0,0.0,0.5091327054647989,739
6,0.0,0.0,0.40539161380579974,755
6,0.0,0.0,0.3414877446461378,756
6,0.0,0.0,0.4457929667310256,759
6,0.0,0.0,0.4321043656739387,760
6,0.0,0.0,0.434266053062314,766
6,0.0,0.0,0.4501450146606764,767
6,0.0,0.0,0.3768462444959398,781
6,0.0,0.0,0.37800035020765405,782
6,0.0,0.0,0.40121813739574214,791
6,0.0,0.0,0.3432777658584559,794
6,0.0,0.0,0.3527740238631771,801
6,0.0,0.0,0.6469872324964143,807
6,0.0,0.0,0.5954609578592343,823
6,0.0,0.0,0.2893053933418492,825
6,0.0,0.0,0.28263275272791305,830
6,0.0,0.0,0.25638838358143484,831
6,0.0,0.0,0.2561839716556393,832
6,0.0,0.0,0.2806967754531228,833
6,0.0,0.0,0.2406336228130072,843
6,0.0,0.0,0.2555311214870955,847
6,0.0,0.0,0.1921712335455803,849
6,0.0,0.0,0.22887112638883406,864
6,0.0,0.0,0.21243109368784324,866
6,0.0,0.0,0.37115547775985763,873
6,0.0,0.21951619190893495,0.0,927
6,0.0,0.19612994884353774,0.0,935
6,0.0,0.24220906884869559,0.0,951
6,0.0,0.25837738087359535,0.0,958
6,0.0,0.21278342044338444,0.0,963
6,0.0,0.23805027212670887,0.0,966
6,0.0,0.35456577768469905,0.0,976
6,0.0,0.3276838538243129,0.0,984
6,0.0,0.3825403352827554,0.0,990
6,0.0,0.25418061161291067,0.0,996
6,0.0,0.43245988689880427,0.0,1001
6,0.0,0.416884000184184,0.0,1007
6,0.0,0.43283730864269393,0.0,1010
6,0.0,0.4798489435027434,0.0,1020
6,0.0,0.4497156696172448,0.0,1021
6,0.0,0.8296690844656027,0.0,1024
6,0.0,0.5083804853402307,0.0,1031
6,0.0,0.5180960589745458,0.0,1039
6,0.0,0.4694026154016238,0.0,1040
6,0.0,1.018732151766566,0.0,1042
6,0.0,0.5441043753479975,0.0,1044
6,0.0,1.1129537534347065,0.0,1053
6,0.0,0.5687571875697324,0.0,1054
6,0.0,1.1461329309132506,0.0,1059
6,0.0,1.019766227338897,0.0,1062
6,0.0,0.6282966601033051,0.0,1065
6,0.0,0.5641399713240307,0.0,1066
6,0.0,0.6110707364172296,0.0,1068
6,0.0,1.1043025038971956,0.0,1069
6,0.0,0.5683173245808579,0.0,1071
6,0.0,1.0099989396037345,0.0,1072
6,0.0,0.5875093546406871,0.0,1073
6,0.0,0.500671012109309,0.0,1074
6,0.0,0.92386818696867,0.0,1078
6,0.0,0.5992146470972053,0.0,1084
6,0.0,0.6291004899195409,0.0,1089
6,0.0,0.5715632439844456,0.0,1091
6,0.0,0.8760095064873585,0.0,1093
6,0.0,1.1206941351445865,0.0,1094
6,0.0,0.5091327054647989,0.0,1097
6,0.0,0.5371808131927349,0.0,1098
6,0.0,1.0423984423771608,0.0,1100
6,0.0,1.0,0.0,1102
6,0.0,0.4501450146606764,0.0,1109
6,0.0,0.2893053933418492,0.0,1113
6,0.0,0.3432777658584559,0.0,1115
6,0.0,0.3768462444959398,0.0,1116
6,0.0,0.507421660555641,0.0,1119
6,0.0,0.434266053062314,0.0,1122
6,0.0,0.4457929667310256,0.0,1130
6,0.0,0.6469872324964143,0.0,1135
6,0.0,0.40121813739574214,0.0,1147
6,0.0,0.37800035020765405,0.0,1150
6,0.0,0.3527740238631771,0.0,1152
6,0.0,0.29394422929629244,0.0,1162
6,0.0,0.3414877446461378,0.0,1172
6,0.0,0.2806967754531228,0.0,1182
6,0.0,0.2406336228130072,0.0,1183
6,0.0,0.1921712335455803,0.0,1188
6,0.0,0.25638838358143484,0.0,1192
6,0.0,0.3015167285629418,0.0,1195
6,0.0,0.22887112638883406,0.0,1197
6,0.0,0.2555311214870955,0.0,1199
6,0.0,0.2561839716556393,0.0,1202
6,0.0,0.28263275272791305,0.0,1207
6,0.0,0.21243109368784324,0.0,1208
6,0.0,0.2040651090074021,0.0,1222
6,0.0,0.16709036875245553,0.0,1243
7,0.0,0.0,0.13877012959603324,4
7,0.034980842532505774,0.0,0.0,7
7,0.018707659662110354,0.0,0.0,22
7,0.0,0.0,0.013245092885891041,26
7,0.0,0.0,0.019120175515380866,46
7,0.0,0.0,0.004343300825352947,48
7,0.2016159283734253,0.0,0.0,69
7,0.2238827841786984,0.0,0.0,99
7,0.2485789568494196,0.0,0.0,104
7,0.20649622776644233,0.0,0.0,117
7,0.13593147592530308,0.0,0.0,129
7,0.17203556560242977,0.0,0.0,135
7,0.0,0.0,0.14146303933111143,137
7,0.316048398975218,0.0,0.0,140
7,0.0,0.0,0.045184669534739375,145
7,0.1991927314607272,0.0,0.0,152
7,0.0,0.0,0.3184865265072569,153
7,0.3355880669524504,0.0,0.0,157
7,0.27233825806869466,0.0,0.0,158
7,0.05123667657178732,0.0,0.0,166
7,0.14182855772993774,0.0,0.0,171
7,0.34784168062320014,0.0,0.0,175
7,0.310880310526699,0.0,0.0,176
7,0.3447642967452162,0.0,0.0,178
7,0.371982438302151,0.0,0.0,179
7,0.4238091956683416,0.0,0.0,180
7,0.0,0.0,1.0,187
7,0.44677562034234913,0.0,0.0,189
7,0.39357027603967615,0.0,0.0,194
7,0.39034812150615233,0.0,0.0,196
7,0.48253700963305846,0.0,0.0,199
7,0.3407341226015424,0.0,0.0,201
7,0.5037265246423557,0.0,0.0,202
7,0.1460325730742622,0.0,0.0,203
7,0.3989945690088688,0.0,0.0,205
7,0.3088843678590177,0.0,0.0,213
7,0.25405933702061606,0.0,0.3256392556200461,216
7,0.4203141651377848,0.0,0.0,221
7,0.8658949457145498,0.0,0.0,226
7,0.0,0.0,0.3770096389630552,228
7,0.4586389107980328,0.0,0.0,229
7,0.4404580007192032,0.0,0.0,232
7,0.9368705441172438,0.0,0.3376303409884515,236
7,0.0,0.0,0.33079121210446644,240
7,0.7208462124029272,0.0,0.0,241
7,0.0,0.0,0.4470750344032209,243
7,0.4429342590475866,0.0,0.0,244
7,0.0,0.0,0.3505281538089698,247
7,0.0,0.0,0.3459437947213147,249
7,0.49205964135696467,0.0,0.2919795404941395,250
7,0.395177053715505,0.0,0.0,252
7,0.4975207086090582,0.0,0.0,254
7,0.49551240151664383,0.0,0.0,256
7,0.0,0.0,0.2467500305510016,257
7,0.0,0.0,0.39471777341704845,258
7,0.9697136643848412,0.0,0.0,260
7,0.3365364167464863,0.0,0.3536351267566042,261
7,0.0,0.0,0.2858444634421033,262
7,0.4353518072913842,0.0,0.0,264
7,0.46828510828022235,0.0,0.0,265
7,0.0,0.0,0.37949197208183466,266
7,0.49402912867050736,0.0,0.0,267
7,0.4710785805251771,0.0,0.0,269
7,0.4233770121773665,0.0,0.3786851917475395,272
7,0.39274225733587403,0.0,0.0,273
7,0.4477498155858675,0.0,0.0,277
7,0.37949197208183466,0.0,0.0,281
7,0.43436827112139226,0.0,0.0,282
7,0.3536351267566042,0.0,0.0,283
7,0.6933417499862237,0.0,0.0,288
7,0.47981503860749525,0.0,0.0,289
7,0.43655972043795693,0.0,0.0,290
7,0.4646500523930976,0.0,0.7566341834448852,292
7,0.3459437947213147,0.0,0.43436827112139226,293
7,0.0,0.0,0.4072767711422571,294
7,0.4504098821956361,0.0,0.0,295
7,0.4868597716009504,0.0,0.0,296
7,0.0,0.0,0.4504098821956361,298
7,0.0,0.0,0.47981503860749525,299
7,0.4216097564706444,0.0,0.0,300
7,0.4072767711422571,0.0,0.0,303
7,0.0,0.0,0.46828510828022235,308
7,0.39471777341704845,0.0,0.0,313
7,0.422787374031427,0.0,0.0,314
7,0.0,0.0,0.422787374031427,323
7,0.0,0.0,0.4975207086090582,327
7,0.2505381487805059,0.0,0.0,328
7,0.4029156929036068,0.0,0.0,329
7,0.0,0.0,0.4029156929036068,330
7,0.3770096389630552,0.0,0.35571140899777215,332
7,0.0,0.0,0.4586389107980328,337
7,0.0,0.0,0.43655972043795693,338
7,0.0,0.0,0.8157635386493288,339
7,0.3786851917475395,0.0,0.4646500523930976,340
7,0.0,0.0,0.3365364167464863,341
7,0.0,0.0,0.3447642967452162,344
7,0.0,0.0,0.4895545190615039,349
7,0.4470750344032209,0.0,0.0,350
7,0.0,0.0,0.49402912867050736,351
7,0.0,0.0,0.4429342590475866,352
7,0.0,0.0,0.34784168062320014,355
7,0.0,0.0,0.5954125777797963,356
7,0.3505281538089698,0.0,0.0,359
7,0.0,0.0,0.395177053715505,364
7,0.0,0.0,0.9171221579872882,365
7,0.0,0.0,0.4710785805251771,369
7,0.0,0.0,0.2505381487805059,370
7,0.0,0.0,0.4784371214171504,371
7,0.0,0.0,0.4912765429676908,377
7,0.0,0.0,0.23129169334142335,379
7,0.3256392556200461,0.0,0.47778571094939565,381
7,0.2858444634421033,0.0,0.0,382
7,0.0,0.0,0.6405381015820284,388
7,0.0,0.0,0.43750859673632886,390
7,0.0,0.0,0.428386348978221,392
7,0.0,0.0,0.371982438302151,396
7,0.0,0.0,0.14704781916087495,397
7,0.0,0.0,0.4353518072913842,398
7,0.0,0.0,0.44677562034234913,399
7,0.0,0.0,0.310880310526699,401
7,0.2467500305510016,0.0,0.4203141651377848,405
7,0.0,0.0,0.39274225733587403,406
7,1.0,0.0,0.0,407
7,0.0,0.0,0.4238091956683416,412
7,0.0,0.0,0.3989945690088688,424
7,0.3184865265072569,0.0,0.0,429
7,0.0,0.0,0.39357027603967615,436
7,0.0,0.0,0.39034812150615233,437
7,0.0,0.0,0.3407341226015424,443
7,0.0,0.0,0.3355880669524504,445
7,0.0,0.0,0.316048398975218,451
7,0.0,0.0,0.25405933702061606,453
7,0.0,0.0,0.05123667657178732,457
7,0.0,0.0,0.13593147592530308,459
7,0.0,0.0,0.21003527679532946,464
7,0.0,0.0,0.27233825806869466,467
7,0.14146303933111143,0.0,0.272501732837729,468
7,0.0,0.0,0.40464751634590357,472
7,0.0,0.0,0.1460325730742622,480
7,0.0,0.0,0.1991927314607272,482
7,0.0,0.17203556560242977,0.0,491
7,0.0,0.0,0.2238827841786984,498
7,0.0,0.2919795404941395,0.0,500
7,0.0,0.3088843678590177,0.0,505
7,0.0,0.0,0.20649622776644233,508
7,0.0,0.0,0.14182855772993774,510
7,0.0,0.0,0.2016159283734253,521
7,0.0,0.3447642967452162,0.0,522
7,0.0,0.3376303409884515,0.0,524
7,0.0,0.34784168062320014,0.0,530
7,0.045184669534739375,0.0,0.0,534
7,0.0,0.33079121210446644,0.0,536
7,0.0,0.3566787054814807,0.0,541
7,0.0,0.3459437947213147,0.0,542
7,0.0,0.3536351267566042,0.0,544
7,0.0,0.37949197208183466,0.0,547
7,0.0,0.3770096389630552,0.0,560
7,0.0,0.4586389107980328,0.0,566
7,0.0,0.4477498155858675,0.0,569
7,0.0,0.39471777341704845,0.0,571
7,0.0,0.46828510828022235,0.0,573
7,0.0,1.2654355425913915,0.0,575
7,0.0,0.2485789568494196,0.0,576
7,0.0,0.310880310526699,0.0,577
7,0.0,0.4975207086090582,0.0,581
7,0.0,0.3184865265072569,0.0,582
7,0.0,1.0625221348751475,0.0,588
7,0.123951584443105,0.0,0.0,589
7,0.0,0.6911704474349292,0.0,590
7,0.0,0.316048398975218,0.0,591
7,0.019120175515380866,0.4238091956683416,0.0,592
7,0.0,1.021436501041962,0.0,593
7,0.0,1.0,0.0,594
7,0.0,0.4429342590475866,0.0,596
7,0.0,0.9567988109410015,0.0,597
7,0.0,0.14704781916087495,0.0,599
7,0.0,0.6721244836989367,0.0,602
7,0.0,0.14146303933111143,0.0,605
7,0.0,0.3505281538089698,0.0,606
7,0.004343300825352947,0.0,0.0,610
7,0.0,0.3786851917475395,0.0,612
7,0.0,0.8326856504518338,0.0,616
7,0.0,0.47778571094939565,0.0,617
7,0.013245092885891041,0.9224154776487283,0.0,618
7,0.0,1.0274611030583987,0.0,620
7,0.014818545152928242,0.49551240151664383,0.0,621
7,0.0,0.05123667657178732,0.0,623
7,0.0,0.49365303098806523,0.0,625
7,0.0,0.4203141651377848,0.0,626
7,0.0,0.8599367326153234,0.0,628
7,0.0,0.3989945690088688,0.0,629
7,0.0,0.39357027603967615,0.0,630
7,0.0,0.4784371214171504,0.0,631
7,0.0,0.4646500523930976,0.0,632
7,0.0,0.39034812150615233,0.0,633
7,0.0,0.1991927314607272,0.0,634
7,0.0,0.9140639169991178,0.0,637
7,0.0,0.6902788569033831,0.0,638
7,0.0,0.0,0.03901898045226937,642
7,0.0,0.6398236789295367,0.0,644
7,0.0,0.0,0.018707659662110354,649
7,0.0,0.0,0.034980842532505774,651
7,0.0,0.03932414335785872,0.0,658
7,0.0,0.4029156929036068,0.0,659
7,0.0,0.0,0.07097263947229909,660
7,0.0,0.6821018378423858,0.0,662
7,0.0,0.21003527679532946,0.0,663
7,0.0,0.4216097564706444,0.0,665
7,0.0,0.272501732837729,0.0,667
7,0.0,0.25405933702061606,0.0,669
7,0.0,0.018707659662110354,0.0,671
7,0.0,0.4379269268706134,0.0,679
7,0.0,0.14182855772993774,0.0,681
7,0.0,0.1460325730742622,0.0,683
7,0.07097263947229909,0.0,0.0,689
7,0.0,0.2505381487805059,0.0,698
7,0.03901898045226937,0.0,0.0,725
7,0.0,0.15606855949648396,0.0,768
7,0.0,0.07097263947229909,0.0,1349
7,0.0,0.03901898045226937,0.0,1367
8,0.0,0.0,0.876048415556895,4
8,0.0244614566204866,0.0,0.0,7
8,0.020843272940443247,0.0,0.0,117
8,0.08908135052136684,0.0,0.0,199
8,0.0,0.0,0.5529249655967792,243
8,0.03148985935045623,0.0,0.0,264
8,0.042772368744122824,0.0,0.0,269
8,0.048732092449087605,0.0,0.0,273
8,0.008908494978666248,0.0,0.0,296
8,0.07076890878699382,0.0,0.0,300
8,1.5529249655967792,0.0,0.0,350
8,0.10754961058621049,0.0,0.0,382
8,0.12029342806331905,0.0,0.0,405
8,0.0,0.0,0.15724384912263367,497
8,0.2758903336770719,0.0,0.0,534
8,0.0,0.0,0.2435502989420974,552
8,0.0,0.0,0.2710121707509789,557
8,0.0,0.0,0.21957370553733807,561
8,0.0,0.0,0.3916955100883419,569
8,0.0,0.0,0.2953437274176684,573
8,0.0,0.0,0.29136379730613954,576
8,0.0,0.0,0.3035834700334204,583
8,1.876048415556895,0.0,0.0,589
8,0.36337915271986726,0.0,0.0,592
8,0.0,1.4289733811536742,0.0,593
8,0.0,0.0,0.344775034460931,594
8,0.0,0.0,0.31401230990916723,600
8,0.0,0.0,0.7761746533877859,603
8,0.0,0.0,0.37302344162883067,604
8,0.49000034298801537,0.0,0.0,610
8,0.0,0.0,0.2718832949360442,613
8,0.4344254796028199,0.0,0.0,616
8,1.0299655264111374,0.0,0.0,618
8,0.5262881262486487,0.0,0.0,621
8,0.47695381254475694,0.0,0.0,622
8,0.5142580407542554,0.0,0.0,624
8,0.9719739243474512,0.0,0.0,628
8,0.500862197599701,0.0,0.0,629
8,0.0,0.0,0.42534218724650347,630
8,0.0,0.0,0.43776883551239115,632
8,1.0586325761408897,0.0,0.0,637
8,0.0,0.0,0.4707469707891699,640
8,0.23413725893923615,0.0,0.8681941744874094,641
8,0.537154034230781,0.0,0.3976673466776665,642
8,0.5639090763140813,0.0,0.0,643
8,0.5427565021350862,0.0,0.0,644
8,0.5570253752209744,0.0,0.0,645
8,0.0,0.0,0.4853027424410426,647
8,0.0,0.0,0.48662469152743076,649
8,0.4987430952509147,0.0,0.0,651
8,0.0,0.0,0.45569717886516764,652
8,0.0,0.0,0.9691025628556519,653
8,0.4871856777987659,0.0,0.0,654
8,0.5421969634130395,0.0,0.0,656
8,0.5309351279757502,0.0,0.0,657
8,0.45587495162869857,0.0,0.0,658
8,0.5425924144989704,0.0,0.16603909708444659,659
8,0.0,0.0,0.3841166325404683,660
8,0.0,0.0,0.524135097493734,663
8,0.0,0.0,0.5210914225953813,666
8,0.0,0.0,0.5029954390741598,667
8,0.9055232952433971,0.0,0.0,669
8,0.5425924144989704,0.0,0.305267044256404,670
8,0.5029954390741598,0.0,0.0,673
8,1.4726021860469016,0.0,0.0,674
8,0.3540458380725838,0.0,0.0,678
8,0.0,0.0,0.5501002488784785,681
8,0.0,0.0,0.48526524370069984,682
8,0.0,0.0,0.4396582402542311,683
8,0.0,0.0,0.482843696914192,686
8,0.305267044256404,0.0,0.5297100056531969,688
8,0.5210914225953813,0.0,0.0,689
8,0.0,0.0,0.5425924144989704,690
8,0.0,0.0,0.3540458380725838,693
8,0.5501557296249149,0.0,0.0,696
8,0.0,0.0,0.9984673661276691,699
8,0.48526524370069984,0.0,0.5309351279757502,701
8,0.3976673466776665,0.0,0.4871856777987659,702
8,1.0094378399347765,0.0,0.0,703
8,0.48662469152743076,0.0,0.0,704
8,0.0,0.0,0.37581328959020016,705
8,0.0,0.0,0.23413725893923615,706
8,0.0,0.0,0.5421969634130395,708
8,0.0,0.0,0.5570253752209744,709
8,0.48742796201239064,0.0,0.0,710
8,0.0,0.0,0.4344254796028199,712
8,0.8951435493453797,0.0,0.0,713
8,0.48167460084326125,0.0,0.0,715
8,0.0,0.0,1.0151202383539564,719
8,0.0,0.0,0.5639090763140813,722
8,0.4707469707891699,0.0,0.5405197563370416,723
8,0.0,0.0,0.4987430952509147,725
8,0.4287478040071974,0.0,0.0,728
8,0.43776883551239115,0.0,0.518112819803848,729
8,0.0,0.0,0.5262881262486487,730
8,0.0,0.0,1.0799105363658672,731
8,0.42534218724650347,0.0,0.5246506929480472,734
8,0.0,0.0,0.4675959286521388,735
8,0.0,0.0,0.5043779956953125,740
8,0.31401230990916723,0.0,0.0,745
8,0.37302344162883067,0.0,0.0,746
8,0.0,0.0,0.5053148334630901,747
8,0.37242340605755403,0.0,0.0,750
8,0.0,0.0,0.49000034298801537,753
8,0.0,0.0,0.47695381254475694,754
8,0.0,0.0,0.36337915271986726,758
8,0.4037512473302319,0.0,0.0,761
8,0.2718832949360442,0.0,0.0,763
8,0.344775034460931,0.0,0.0,765
8,0.0,0.0,1.0,777
8,0.3035834700334204,0.0,0.0,778
8,0.2953437274176684,0.0,0.0,783
8,0.20393241060285922,0.0,0.0,785
8,0.1877630994854827,0.0,0.0,786
8,0.29136379730613954,0.0,0.0,789
8,0.2710121707509789,0.0,0.0,796
8,0.2435502989420974,0.0,0.0,797
8,0.0,0.0,0.2758903336770719,815
8,0.21957370553733807,0.0,0.0,820
8,0.15724384912263367,0.0,0.0,869
8,0.0,0.0,0.12029342806331905,961
8,0.0,0.0,0.10754961058621049,983
8,0.0,0.0,1.0,1016
8,0.0,0.0,0.008908494978666248,1032
8,0.0,0.0,0.07076890878699382,1068
8,0.0,0.0,0.048732092449087605,1076
8,0.0,0.0,0.03148985935045623,1079
8,0.0,0.0,0.042772368744122824,1081
8,0.0,0.0,0.033857137769580437,1159
8,0.0,0.0,0.055224212751786406,1164
8,0.0,0.0,0.020843272940443247,1234
8,0.0,0.44333397458148616,0.0,1328
8,0.0,0.5029954390741598,0.0,1340
8,0.0,0.5457479001047116,0.0,1343
8,0.0,0.3976673466776665,0.0,1344
8,0.0,0.31401230990916723,0.0,1345
8,0.0,0.23413725893923615,0.0,1347
8,0.0,0.500862197599701,0.0,1348
8,0.0,0.5681727250682569,0.0,1349
8,0.0,1.2644777055338634,0.0,1350
8,0.0,0.547131399189092,0.0,1351
8,0.0,0.5246506929480472,0.0,1352
8,0.0,1.1300602683359637,0.0,1353
8,0.0,1.2004041563040455,0.0,1354
8,0.0,1.424993868043789,0.0,1355
8,0.0,1.1666460377569026,0.0244614566204866,1356
8,0.0,1.4252431975361266,0.0,1357
8,0.0,1.412651724500705,0.0,1358
8,0.0,0.344775034460931,0.0,1359
8,0.0,1.5659558677502041,0.0,1360
8,0.0,0.7413523055458116,0.0,1361
8,0.0,1.9954568738139875,0.0,1363
8,0.0,1.3712903979897748,0.0,1364
8,0.0,1.923834496534689,0.0,1365
8,0.0,3.3197851944835355,0.0,1366
8,0.0,1.0568215053255676,0.0,1368
8,0.0,0.4287478040071974,0.0,1369
8,0.0,0.3540458380725838,0.0,1371
8,0.0,0.537154034230781,0.0,1373
8,0.0,0.37581328959020016,0.0,1374
8,0.0,0.5427565021350862,0.0,1375
8,0.0,1.2475802027317158,0.0,1376
8,0.0,0.21957370553733807,0.0,1381
8,0.0,0.48526524370069984,0.0,1383
9,0.0,0.0,0.12176589265182802,322
9,0.0,0.0,0.24906142591789665,376
9,0.0,0.0,0.5186400025096266,388
9,0.0,0.0,0.2597377226021284,399
9,0.0,0.0,0.26804748134931594,409
9,0.0,0.0,0.3001951508008032,423
9,0.0,0.0,0.35176853098895094,436
9,0.0,0.0,0.3734118931605355,448
9,0.0,0.0,0.3973285232086006,453
9,0.0,0.0,0.4025328390514698,461
9,0.0,0.0,0.7849072085857588,462
9,0.0,0.0,0.6973154771725886,466
9,0.0,0.0,0.4435543280967546,474
9,0.0,0.0,0.7506089561418955,480
9,0.0,0.0,0.8320678474396943,481
9,0.0,0.0,0.38000279161207046,482
9,0.0,0.0,0.4222851580433124,488
9,0.0,0.0,0.43930160572397886,490
9,0.0,0.0,0.49502886743996816,491
9,0.0,0.0,0.5219156072047395,494
9,0.0,0.0,0.3738461717439185,499
9,0.0,0.0,0.5081675946055484,500
9,0.0,0.0,0.4623562333456936,505
9,0.0,0.0,0.5000456755554266,509
9,0.0,0.0,0.5614726867893425,511
9,0.0,0.0,0.5219051181196499,513
9,0.0,0.0,0.95533245034724,516
9,0.0,0.0,0.5480680682742647,518
9,0.0,0.0,0.5523792605738416,519
9,0.0,0.0,0.532633088863997,527
9,0.0,0.0,0.5639776555968408,529
9,0.0,0.0,1.0576697650675138,531
9,0.0,0.0,1.5537135339573,532
9,0.0,0.0,0.5823780049598286,535
9,0.0,0.0,1.0,538
9,0.0,0.0,0.5592815070949844,540
9,0.0,0.0,0.5571422549037817,545
9,0.0,0.0,0.5276051136135409,546
9,0.0,0.0,0.5342455697833839,550
9,0.0,0.0,0.2944266006689236,551
9,0.0,0.0,1.4906148328538764,552
9,0.0,0.0,0.47278291124587163,555
9,0.0,0.0,0.5231852577089984,558
9,0.0,0.0,0.5528226565798529,562
9,0.0,0.0,0.5501687497321306,563
9,0.0,0.0,0.5285169018186291,565
9,0.0,0.0,1.083446041233661,567
9,0.0,0.0,0.547761143324643,569
9,0.0,0.0,0.5322751792830418,571
9,0.0,0.0,0.5205446068212249,572
9,0.0,0.0,0.8482937840261455,576
9,0.0,0.0,0.512456327384988,581
9,0.0,0.0,0.7938889053966632,583
9,0.0,0.0,0.4908246398643294,584
9,0.0,0.0,0.9022140025992359,586
9,0.0,0.0,0.42953460598670407,587
9,0.0,0.0,0.4874421685055829,589
9,0.0,0.0,0.390289853665127,593
9,0.0,0.0,0.4618646675349038,599
9,0.0,0.0,0.4312574242687465,607
9,0.0,0.0,0.46484328782141254,609
9,0.0,0.0,0.44355631189078365,610
9,0.0,0.0,0.4530326595353215,611
9,0.0,0.0,0.41625741456481474,621
9,0.0,0.0,0.7390066853241757,622
9,0.0,0.0,0.37258073854293466,623
9,0.0,0.0,0.32637391093012796,630
9,0.0,0.0,0.3906752693265975,635
9,0.0,0.0,0.3220706269380936,641
9,0.0,0.0,0.2571134108644256,656
9,0.27735625345551657,0.0,0.0,666
9,0.628696947993864,0.0,0.0,671
9,0.4572117769823391,0.0,0.0,674
9,0.8777320221707099,0.0,0.0,676
9,1.0,0.0,0.0,682
9,0.913860527035596,0.0,0.0,684
9,0.4596819615899686,0.0,0.0,686
9,0.7218996349871228,0.0,0.0,690
9,1.7062447557230078,0.0,0.0,691
9,0.5322751792830418,0.0,0.0,696
9,0.5285169018186291,0.0,0.0,697
9,1.266232365085116,0.0,0.0,699
9,0.4530326595353215,0.0,0.0,701
9,1.9531468628130946,0.0,0.0,706
9,0.532633088863997,0.0,0.0,707
9,0.9011662732588827,0.0,0.0,708
9,0.5393904583043982,0.0,0.0,709
9,0.5571422549037817,0.0,0.0,710
9,0.5501687497321306,0.0,0.0,711
9,1.0424131643889323,0.0,0.0,712
9,0.9755389216597992,0.0,0.0,714
9,0.7938889053966632,0.0,0.0,715
9,0.8748932835179464,0.0,0.0,716
9,0.32637391093012796,0.0,0.0,717
9,1.0308028464695513,0.0,0.0,718
9,0.5823780049598286,0.0,0.1632324776469083,724
9,0.5639776555968408,0.0,0.0,725
9,1.006148436855661,0.0,0.0,727
9,1.8898513060135749,0.0,0.0,729
9,0.2571134108644256,0.0,0.0,730
9,0.7506089561418955,0.0,0.0,731
9,0.5571112986705626,0.0,0.0,732
9,0.5614726867893425,0.0,0.0,733
9,0.7613864513291332,0.0,0.0,734
9,1.0438207253243894,0.0,0.0,735
9,0.42953460598670407,0.0,0.0,737
9,0.5480680682742647,0.0,0.0,738
9,0.24906142591789665,0.0,0.0,740
9,0.9489457563327602,0.0,0.11412377580860827,741
9,0.45869845714126295,0.0,0.0,742
9,0.37258073854293466,0.0,0.0,743
9,0.4435543280967546,0.0,0.0,744
9,0.5186400025096266,0.0,0.0,745
9,0.5276051136135409,0.0,0.0,746
9,0.5639776555968408,0.0,0.0,748
9,0.35176853098895094,0.0,0.0,751
9,0.3001951508008032,0.0,0.0,753
9,0.12176589265182802,0.0,0.0,754
9,0.8701114344544723,0.0,0.0,760
9,0.39437689513335344,0.0,0.0,761
9,0.2597377226021284,0.0,0.0,764
9,0.26804748134931594,0.0,0.0,765
9,0.4025328390514698,0.0,0.0,767
9,0.4956504887572714,0.0,0.0,771
9,0.4431003496926717,0.0,0.0,772
9,0.8148518488433004,0.0,0.0,773
9,0.2944266006689236,0.0,0.0,778
9,0.4623562333456936,0.0,0.0,780
9,0.3554186337975362,0.0,0.0,794
9,0.0,0.12176589265182802,0.0,1076
9,0.0,0.24906142591789665,0.0,1116
9,0.0,0.5186400025096266,0.0,1133
9,0.0,0.3418968433750524,0.0,1156
9,0.0,0.34390153148637687,0.0,1161
9,0.0,0.2597377226021284,0.0,1163
9,0.0,0.7689702893590931,0.0,1172
9,0.0,0.26804748134931594,0.0,1174
9,0.0,0.3001951508008032,0.0,1176
9,0.0,0.3734118931605355,0.0,1177
9,0.0,0.7740536890322633,0.0,1187
9,0.0,0.43930160572397886,0.0,1198
9,0.0,0.4596819615899686,0.0,1202
9,0.0,0.4572117769823391,0.0,1206
9,0.0,0.5000456755554266,0.0,1208
9,0.0,0.7506089561418955,0.0,1211
9,0.0,0.5081675946055484,0.0,1212
9,0.0,0.3973285232086006,0.0,1213
9,0.0,0.4435543280967546,0.0,1218
9,0.0,1.0,0.0,1220
9,0.0,0.628696947993864,0.0,1223
9,0.0,0.4025328390514698,0.0,1228
9,0.0,0.5219156072047395,0.0,1229
9,0.0,0.49502886743996816,0.0,1232
9,0.0,0.532633088863997,0.0,1234
9,0.0,0.44100567709938193,0.0,1235
9,0.0,0.5393904583043982,0.0,1241
9,0.0,0.5231852577089984,0.0,1242
9,0.0,0.5614726867893425,0.0,1244
9,0.0,1.0742843786934915,0.0,1248
9,0.0,0.4431003496926717,0.0,1253
9,0.0,0.5592815070949844,0.0,1254
9,0.0,0.5571422549037817,0.0,1255
9,0.0,1.1120457238711055,0.0,1256
9,0.0,1.3556099943306852,0.0,1258
9,0.0,0.5823780049598286,0.0,1259
9,0.0,0.3554186337975362,0.0,1260
9,0.0,1.062762471602013,0.0,1262
9,0.0,0.5571112986705626,0.0,1264
9,0.0,0.4874421685055829,0.0,1265
9,0.0,0.5322751792830418,0.0,1267
9,0.0,0.390289853665127,0.0,1269
9,0.0,0.3738461717439185,0.0,1272
9,0.0,0.5434678346284392,0.0,1273
9,0.0,0.5501687497321306,0.0,1274
9,0.0,0.547761143324643,0.0,1275
9,0.0,0.5639776555968408,0.0,1277
9,0.0,0.5528226565798529,0.0,1278
9,0.0,1.0023344399509155,0.0,1285
9,0.0,0.4956504887572714,0.0,1287
9,0.0,0.5276051136135409,0.0,1292
9,0.0,0.7938889053966632,0.0,1298
9,0.0,0.46484328782141254,0.0,1300
9,0.0,0.9641009187120086,0.0,1301
9,0.0,0.4908246398643294,0.0,1302
9,0.0,0.4618646675349038,0.0,1307
9,0.0,0.512456327384988,0.0,1308
9,0.0,0.4530326595353215,0.0,1312
9,0.0,0.408877658263789,0.0,1313
9,0.0,0.9162984567038446,0.0,1315
9,0.0,0.4539168888927921,0.0,1317
9,0.0,0.3906752693265975,0.0,1319
9,0.0,0.42953460598670407,0.0,1324
9,0.0,0.45869845714126295,0.0,1328
9,0.0,0.2944266006689236,0.0,1329
9,0.0,0.41625741456481474,0.0,1335
9,0.0,0.39437689513335344,0.0,1337
9,0.0,0.4312574242687465,0.0,1341
9,0.0,0.32637391093012796,0.0,1347
9,0.0,0.33012902706038666,0.0,1356
9,0.0,0.3220706269380936,0.0,1357
9,0.0,0.37258073854293466,0.0,1366
9,0.0,0.2571134108644256,0.0,1386
9,0.0,0.1632324776469083,0.0,1390
9,0.0,0.11412377580860827,0.0,1407
